<?xml version="1.0" encoding="UTF-8"?><MD_Metadata xmlns:xlink="http://www.w3.org/1999/xlink" xmlns:srv="http://www.isotc211.org/2005/srv" xmlns:gts="http://www.isotc211.org/2005/gts" xmlns:xalan="http://xml.apache.org/xalan" xmlns:gco="http://www.isotc211.org/2005/gco" xmlns:gml="http://www.opengis.net/gml" xmlns:xsi="http://www.w3.org/2001/XMLSchema-instance" xmlns="http://www.isotc211.org/2005/gmd">
    <characterSet>
        <MD_CharacterSetCode codeList="http://www.isotc211.org/2005/resources/Codelist/gmxCodelists.xml#MD_CharacterSetCode" codeListValue="utf8" codeSpace="ISOTC211/19115">utf8</MD_CharacterSetCode>
    </characterSet>
    <hierarchyLevel>
        <MD_ScopeCode codeList="http://www.isotc211.org/2005/resources/Codelist/gmxCodelists.xml#MD_ScopeCode" codeListValue="dataset" codeSpace="ISOTC211/19115">dataset</MD_ScopeCode>
    </hierarchyLevel>
    <hierarchyLevelName>
        <gco:CharacterString>dataset</gco:CharacterString>
    </hierarchyLevelName>
    <contact gco:nilReason="missing"/>
    <dateStamp gco:nilReason="missing"/>
    <metadataStandardName>
        <gco:CharacterString>ISO 19139 Geographic Information - Metadata - Implementation Specification</gco:CharacterString>
    </metadataStandardName>
    <metadataStandardVersion>
        <gco:CharacterString>2007</gco:CharacterString>
    </metadataStandardVersion>
    <identificationInfo>
        <MD_DataIdentification>
            <citation gco:nilReason="missing"/>
            <abstract>
                <gco:CharacterString>Actualiteit: 2019Zoomniveau: alleDeze laag geeft de provinciegrenzen van 2019 afgesneden op de kustlijn weer. De laag bevat de provinciegrens en de provincienaam. Deze service is vervaardigd door Esri Nederland op basis van open data van Het Kadaster en het CBS.Naast deze grenzen is er ook een laag beschikbaar waarbij de grenzen niet zijn afgesneden op de kustlijn. Deze kaartlaag is onderdeel van de Esri Nederland groepen Ruimte en Grenzen.Deze kaartlaag wordt aangeboden vanuit Esri Nederland Content. Esri Nederland Content biedt landsdekkende data en services aan die gebruikt kunnen worden in het ArcGIS platform. Het content-team actualiseert het aanbod en voegt geregeld nieuwe content toe. Door content van Esri Nederland te combineren met andere gegevens creëert u snel en eenvoudig nieuwe informatieproducten. Meer informatie over het content aanbod is te vinden via: esri.nl/content. Heeft u vragen of opmerkingen dan horen wij dat graag via content@esri.nl. Volg ons op GeoNet om op de hoogte te blijven van al het Esri Nederland Content-nieuws.</gco:CharacterString>
            </abstract>
            <purpose>
                <gco:CharacterString>Deze laag bevat de provinciegrenzen van 2019 afgesneden op de kustlijn. </gco:CharacterString>
            </purpose>
            <credit>
                <gco:CharacterString>Esri Nederland, Imergis</gco:CharacterString>
            </credit>
            <descriptiveKeywords>
                <MD_Keywords>
                    <keyword>
                        <gco:CharacterString>Provincie</gco:CharacterString>
                    </keyword>
                    <keyword>
                        <gco:CharacterString>Provincies</gco:CharacterString>
                    </keyword>
                    <keyword>
                        <gco:CharacterString>Provinciaal</gco:CharacterString>
                    </keyword>
                    <keyword>
                        <gco:CharacterString>Nederland</gco:CharacterString>
                    </keyword>
                    <keyword>
                        <gco:CharacterString>Province</gco:CharacterString>
                    </keyword>
                    <keyword>
                        <gco:CharacterString>Provinces</gco:CharacterString>
                    </keyword>
                    <keyword>
                        <gco:CharacterString>Gebieden</gco:CharacterString>
                    </keyword>
                    <keyword>
                        <gco:CharacterString>Grenzen</gco:CharacterString>
                    </keyword>
                    <keyword>
                        <gco:CharacterString>Provinciegrenzen</gco:CharacterString>
                    </keyword>
                    <keyword>
                        <gco:CharacterString>boundaries</gco:CharacterString>
                    </keyword>
                    <keyword>
                        <gco:CharacterString>provinciegrens</gco:CharacterString>
                    </keyword>
                    <keyword>
                        <gco:CharacterString>grens</gco:CharacterString>
                    </keyword>
                    <keyword>
                        <gco:CharacterString>dutch</gco:CharacterString>
                    </keyword>
                    <keyword>
                        <gco:CharacterString>Esri</gco:CharacterString>
                    </keyword>
                    <keyword>
                        <gco:CharacterString>Content</gco:CharacterString>
                    </keyword>
                    <keyword>
                        <gco:CharacterString>Holland</gco:CharacterString>
                    </keyword>
                    <keyword>
                        <gco:CharacterString>Netherlands</gco:CharacterString>
                    </keyword>
                    <keyword>
                        <gco:CharacterString>RD</gco:CharacterString>
                    </keyword>
                    <keyword>
                        <gco:CharacterString>Rijksdriehoeksstelsel</gco:CharacterString>
                    </keyword>
                    <keyword>
                        <gco:CharacterString>watergrenzen</gco:CharacterString>
                    </keyword>
                    <keyword>
                        <gco:CharacterString>2019</gco:CharacterString>
                    </keyword>
                    <keyword>
                        <gco:CharacterString>Imergis</gco:CharacterString>
                    </keyword>
                    <keyword>
                        <gco:CharacterString>kustlijn</gco:CharacterString>
                    </keyword>
                </MD_Keywords>
            </descriptiveKeywords>
            <descriptiveKeywords>
                <MD_Keywords>
                    <keyword>
                        <gco:CharacterString>Provincie</gco:CharacterString>
                    </keyword>
                    <keyword>
                        <gco:CharacterString>Provincies</gco:CharacterString>
                    </keyword>
                    <keyword>
                        <gco:CharacterString>Provinciaal</gco:CharacterString>
                    </keyword>
                    <keyword>
                        <gco:CharacterString>Nederland</gco:CharacterString>
                    </keyword>
                    <keyword>
                        <gco:CharacterString>Province</gco:CharacterString>
                    </keyword>
                    <keyword>
                        <gco:CharacterString>Provinces</gco:CharacterString>
                    </keyword>
                    <keyword>
                        <gco:CharacterString>Gebieden</gco:CharacterString>
                    </keyword>
                    <keyword>
                        <gco:CharacterString>Grenzen</gco:CharacterString>
                    </keyword>
                    <keyword>
                        <gco:CharacterString>Provinciegrenzen</gco:CharacterString>
                    </keyword>
                    <keyword>
                        <gco:CharacterString>boundaries</gco:CharacterString>
                    </keyword>
                    <keyword>
                        <gco:CharacterString>provinciegrens</gco:CharacterString>
                    </keyword>
                    <keyword>
                        <gco:CharacterString>grens</gco:CharacterString>
                    </keyword>
                    <keyword>
                        <gco:CharacterString>dutch</gco:CharacterString>
                    </keyword>
                    <keyword>
                        <gco:CharacterString>Esri</gco:CharacterString>
                    </keyword>
                    <keyword>
                        <gco:CharacterString>Content</gco:CharacterString>
                    </keyword>
                    <keyword>
                        <gco:CharacterString>Holland</gco:CharacterString>
                    </keyword>
                    <keyword>
                        <gco:CharacterString>Netherlands</gco:CharacterString>
                    </keyword>
                    <keyword>
                        <gco:CharacterString>RD</gco:CharacterString>
                    </keyword>
                    <keyword>
                        <gco:CharacterString>Rijksdriehoeksstelsel</gco:CharacterString>
                    </keyword>
                    <keyword>
                        <gco:CharacterString>watergrenzen</gco:CharacterString>
                    </keyword>
                    <keyword>
                        <gco:CharacterString>2019</gco:CharacterString>
                    </keyword>
                    <keyword>
                        <gco:CharacterString>Imergis</gco:CharacterString>
                    </keyword>
                    <keyword>
                        <gco:CharacterString>kustlijn</gco:CharacterString>
                    </keyword>
                </MD_Keywords>
            </descriptiveKeywords>
            <descriptiveKeywords>
                <MD_Keywords>
                    <keyword>
                        <gco:CharacterString>Provincie</gco:CharacterString>
                    </keyword>
                    <keyword>
                        <gco:CharacterString>Provincies</gco:CharacterString>
                    </keyword>
                    <keyword>
                        <gco:CharacterString>Provinciaal</gco:CharacterString>
                    </keyword>
                    <keyword>
                        <gco:CharacterString>Nederland</gco:CharacterString>
                    </keyword>
                    <keyword>
                        <gco:CharacterString>Province</gco:CharacterString>
                    </keyword>
                    <keyword>
                        <gco:CharacterString>Provinces</gco:CharacterString>
                    </keyword>
                    <keyword>
                        <gco:CharacterString>Gebieden</gco:CharacterString>
                    </keyword>
                    <keyword>
                        <gco:CharacterString>Grenzen</gco:CharacterString>
                    </keyword>
                    <keyword>
                        <gco:CharacterString>Provinciegrenzen</gco:CharacterString>
                    </keyword>
                    <keyword>
                        <gco:CharacterString>boundaries</gco:CharacterString>
                    </keyword>
                    <keyword>
                        <gco:CharacterString>provinciegrens</gco:CharacterString>
                    </keyword>
                    <keyword>
                        <gco:CharacterString>grens</gco:CharacterString>
                    </keyword>
                    <keyword>
                        <gco:CharacterString>dutch</gco:CharacterString>
                    </keyword>
                    <keyword>
                        <gco:CharacterString>Esri</gco:CharacterString>
                    </keyword>
                    <keyword>
                        <gco:CharacterString>Content</gco:CharacterString>
                    </keyword>
                    <keyword>
                        <gco:CharacterString>Holland</gco:CharacterString>
                    </keyword>
                    <keyword>
                        <gco:CharacterString>Netherlands</gco:CharacterString>
                    </keyword>
                    <keyword>
                        <gco:CharacterString>RD</gco:CharacterString>
                    </keyword>
                    <keyword>
                        <gco:CharacterString>Rijksdriehoeksstelsel</gco:CharacterString>
                    </keyword>
                    <keyword>
                        <gco:CharacterString>watergrenzen</gco:CharacterString>
                    </keyword>
                    <keyword>
                        <gco:CharacterString>2019</gco:CharacterString>
                    </keyword>
                    <keyword>
                        <gco:CharacterString>Imergis</gco:CharacterString>
                    </keyword>
                    <keyword>
                        <gco:CharacterString>kustlijn</gco:CharacterString>
                    </keyword>
                </MD_Keywords>
            </descriptiveKeywords>
            <descriptiveKeywords>
                <MD_Keywords>
                    <keyword>
                        <gco:CharacterString>Provincie</gco:CharacterString>
                    </keyword>
                    <keyword>
                        <gco:CharacterString>Provincies</gco:CharacterString>
                    </keyword>
                    <keyword>
                        <gco:CharacterString>Provinciaal</gco:CharacterString>
                    </keyword>
                    <keyword>
                        <gco:CharacterString>Nederland</gco:CharacterString>
                    </keyword>
                    <keyword>
                        <gco:CharacterString>Province</gco:CharacterString>
                    </keyword>
                    <keyword>
                        <gco:CharacterString>Provinces</gco:CharacterString>
                    </keyword>
                    <keyword>
                        <gco:CharacterString>Gebieden</gco:CharacterString>
                    </keyword>
                    <keyword>
                        <gco:CharacterString>Grenzen</gco:CharacterString>
                    </keyword>
                    <keyword>
                        <gco:CharacterString>Provinciegrenzen</gco:CharacterString>
                    </keyword>
                    <keyword>
                        <gco:CharacterString>boundaries</gco:CharacterString>
                    </keyword>
                    <keyword>
                        <gco:CharacterString>provinciegrens</gco:CharacterString>
                    </keyword>
                    <keyword>
                        <gco:CharacterString>grens</gco:CharacterString>
                    </keyword>
                    <keyword>
                        <gco:CharacterString>dutch</gco:CharacterString>
                    </keyword>
                    <keyword>
                        <gco:CharacterString>Esri</gco:CharacterString>
                    </keyword>
                    <keyword>
                        <gco:CharacterString>Content</gco:CharacterString>
                    </keyword>
                    <keyword>
                        <gco:CharacterString>Holland</gco:CharacterString>
                    </keyword>
                    <keyword>
                        <gco:CharacterString>Netherlands</gco:CharacterString>
                    </keyword>
                    <keyword>
                        <gco:CharacterString>RD</gco:CharacterString>
                    </keyword>
                    <keyword>
                        <gco:CharacterString>Rijksdriehoeksstelsel</gco:CharacterString>
                    </keyword>
                    <keyword>
                        <gco:CharacterString>watergrenzen</gco:CharacterString>
                    </keyword>
                    <keyword>
                        <gco:CharacterString>2019</gco:CharacterString>
                    </keyword>
                    <keyword>
                        <gco:CharacterString>Imergis</gco:CharacterString>
                    </keyword>
                    <keyword>
                        <gco:CharacterString>kustlijn</gco:CharacterString>
                    </keyword>
                </MD_Keywords>
            </descriptiveKeywords>
            <descriptiveKeywords>
                <MD_Keywords>
                    <keyword>
                        <gco:CharacterString>Provincie</gco:CharacterString>
                    </keyword>
                    <keyword>
                        <gco:CharacterString>Provincies</gco:CharacterString>
                    </keyword>
                    <keyword>
                        <gco:CharacterString>Provinciaal</gco:CharacterString>
                    </keyword>
                    <keyword>
                        <gco:CharacterString>Nederland</gco:CharacterString>
                    </keyword>
                    <keyword>
                        <gco:CharacterString>Province</gco:CharacterString>
                    </keyword>
                    <keyword>
                        <gco:CharacterString>Provinces</gco:CharacterString>
                    </keyword>
                    <keyword>
                        <gco:CharacterString>Gebieden</gco:CharacterString>
                    </keyword>
                    <keyword>
                        <gco:CharacterString>Grenzen</gco:CharacterString>
                    </keyword>
                    <keyword>
                        <gco:CharacterString>Provinciegrenzen</gco:CharacterString>
                    </keyword>
                    <keyword>
                        <gco:CharacterString>boundaries</gco:CharacterString>
                    </keyword>
                    <keyword>
                        <gco:CharacterString>provinciegrens</gco:CharacterString>
                    </keyword>
                    <keyword>
                        <gco:CharacterString>grens</gco:CharacterString>
                    </keyword>
                    <keyword>
                        <gco:CharacterString>dutch</gco:CharacterString>
                    </keyword>
                    <keyword>
                        <gco:CharacterString>Esri</gco:CharacterString>
                    </keyword>
                    <keyword>
                        <gco:CharacterString>Content</gco:CharacterString>
                    </keyword>
                    <keyword>
                        <gco:CharacterString>Holland</gco:CharacterString>
                    </keyword>
                    <keyword>
                        <gco:CharacterString>Netherlands</gco:CharacterString>
                    </keyword>
                    <keyword>
                        <gco:CharacterString>RD</gco:CharacterString>
                    </keyword>
                    <keyword>
                        <gco:CharacterString>Rijksdriehoeksstelsel</gco:CharacterString>
                    </keyword>
                    <keyword>
                        <gco:CharacterString>watergrenzen</gco:CharacterString>
                    </keyword>
                    <keyword>
                        <gco:CharacterString>2019</gco:CharacterString>
                    </keyword>
                    <keyword>
                        <gco:CharacterString>Imergis</gco:CharacterString>
                    </keyword>
                    <keyword>
                        <gco:CharacterString>kustlijn</gco:CharacterString>
                    </keyword>
                </MD_Keywords>
            </descriptiveKeywords>
            <descriptiveKeywords>
                <MD_Keywords>
                    <keyword>
                        <gco:CharacterString>Provincie</gco:CharacterString>
                    </keyword>
                    <keyword>
                        <gco:CharacterString>Provincies</gco:CharacterString>
                    </keyword>
                    <keyword>
                        <gco:CharacterString>Provinciaal</gco:CharacterString>
                    </keyword>
                    <keyword>
                        <gco:CharacterString>Nederland</gco:CharacterString>
                    </keyword>
                    <keyword>
                        <gco:CharacterString>Province</gco:CharacterString>
                    </keyword>
                    <keyword>
                        <gco:CharacterString>Provinces</gco:CharacterString>
                    </keyword>
                    <keyword>
                        <gco:CharacterString>Gebieden</gco:CharacterString>
                    </keyword>
                    <keyword>
                        <gco:CharacterString>Grenzen</gco:CharacterString>
                    </keyword>
                    <keyword>
                        <gco:CharacterString>Provinciegrenzen</gco:CharacterString>
                    </keyword>
                    <keyword>
                        <gco:CharacterString>boundaries</gco:CharacterString>
                    </keyword>
                    <keyword>
                        <gco:CharacterString>provinciegrens</gco:CharacterString>
                    </keyword>
                    <keyword>
                        <gco:CharacterString>grens</gco:CharacterString>
                    </keyword>
                    <keyword>
                        <gco:CharacterString>dutch</gco:CharacterString>
                    </keyword>
                    <keyword>
                        <gco:CharacterString>Esri</gco:CharacterString>
                    </keyword>
                    <keyword>
                        <gco:CharacterString>Content</gco:CharacterString>
                    </keyword>
                    <keyword>
                        <gco:CharacterString>Holland</gco:CharacterString>
                    </keyword>
                    <keyword>
                        <gco:CharacterString>Netherlands</gco:CharacterString>
                    </keyword>
                    <keyword>
                        <gco:CharacterString>RD</gco:CharacterString>
                    </keyword>
                    <keyword>
                        <gco:CharacterString>Rijksdriehoeksstelsel</gco:CharacterString>
                    </keyword>
                    <keyword>
                        <gco:CharacterString>watergrenzen</gco:CharacterString>
                    </keyword>
                    <keyword>
                        <gco:CharacterString>2019</gco:CharacterString>
                    </keyword>
                    <keyword>
                        <gco:CharacterString>Imergis</gco:CharacterString>
                    </keyword>
                    <keyword>
                        <gco:CharacterString>kustlijn</gco:CharacterString>
                    </keyword>
                </MD_Keywords>
            </descriptiveKeywords>
            <descriptiveKeywords>
                <MD_Keywords>
                    <keyword>
                        <gco:CharacterString>Provincie</gco:CharacterString>
                    </keyword>
                    <keyword>
                        <gco:CharacterString>Provincies</gco:CharacterString>
                    </keyword>
                    <keyword>
                        <gco:CharacterString>Provinciaal</gco:CharacterString>
                    </keyword>
                    <keyword>
                        <gco:CharacterString>Nederland</gco:CharacterString>
                    </keyword>
                    <keyword>
                        <gco:CharacterString>Province</gco:CharacterString>
                    </keyword>
                    <keyword>
                        <gco:CharacterString>Provinces</gco:CharacterString>
                    </keyword>
                    <keyword>
                        <gco:CharacterString>Gebieden</gco:CharacterString>
                    </keyword>
                    <keyword>
                        <gco:CharacterString>Grenzen</gco:CharacterString>
                    </keyword>
                    <keyword>
                        <gco:CharacterString>Provinciegrenzen</gco:CharacterString>
                    </keyword>
                    <keyword>
                        <gco:CharacterString>boundaries</gco:CharacterString>
                    </keyword>
                    <keyword>
                        <gco:CharacterString>provinciegrens</gco:CharacterString>
                    </keyword>
                    <keyword>
                        <gco:CharacterString>grens</gco:CharacterString>
                    </keyword>
                    <keyword>
                        <gco:CharacterString>dutch</gco:CharacterString>
                    </keyword>
                    <keyword>
                        <gco:CharacterString>Esri</gco:CharacterString>
                    </keyword>
                    <keyword>
                        <gco:CharacterString>Content</gco:CharacterString>
                    </keyword>
                    <keyword>
                        <gco:CharacterString>Holland</gco:CharacterString>
                    </keyword>
                    <keyword>
                        <gco:CharacterString>Netherlands</gco:CharacterString>
                    </keyword>
                    <keyword>
                        <gco:CharacterString>RD</gco:CharacterString>
                    </keyword>
                    <keyword>
                        <gco:CharacterString>Rijksdriehoeksstelsel</gco:CharacterString>
                    </keyword>
                    <keyword>
                        <gco:CharacterString>watergrenzen</gco:CharacterString>
                    </keyword>
                    <keyword>
                        <gco:CharacterString>2019</gco:CharacterString>
                    </keyword>
                    <keyword>
                        <gco:CharacterString>Imergis</gco:CharacterString>
                    </keyword>
                    <keyword>
                        <gco:CharacterString>kustlijn</gco:CharacterString>
                    </keyword>
                </MD_Keywords>
            </descriptiveKeywords>
            <descriptiveKeywords>
                <MD_Keywords>
                    <keyword>
                        <gco:CharacterString>Provincie</gco:CharacterString>
                    </keyword>
                    <keyword>
                        <gco:CharacterString>Provincies</gco:CharacterString>
                    </keyword>
                    <keyword>
                        <gco:CharacterString>Provinciaal</gco:CharacterString>
                    </keyword>
                    <keyword>
                        <gco:CharacterString>Nederland</gco:CharacterString>
                    </keyword>
                    <keyword>
                        <gco:CharacterString>Province</gco:CharacterString>
                    </keyword>
                    <keyword>
                        <gco:CharacterString>Provinces</gco:CharacterString>
                    </keyword>
                    <keyword>
                        <gco:CharacterString>Gebieden</gco:CharacterString>
                    </keyword>
                    <keyword>
                        <gco:CharacterString>Grenzen</gco:CharacterString>
                    </keyword>
                    <keyword>
                        <gco:CharacterString>Provinciegrenzen</gco:CharacterString>
                    </keyword>
                    <keyword>
                        <gco:CharacterString>boundaries</gco:CharacterString>
                    </keyword>
                    <keyword>
                        <gco:CharacterString>provinciegrens</gco:CharacterString>
                    </keyword>
                    <keyword>
                        <gco:CharacterString>grens</gco:CharacterString>
                    </keyword>
                    <keyword>
                        <gco:CharacterString>dutch</gco:CharacterString>
                    </keyword>
                    <keyword>
                        <gco:CharacterString>Esri</gco:CharacterString>
                    </keyword>
                    <keyword>
                        <gco:CharacterString>Content</gco:CharacterString>
                    </keyword>
                    <keyword>
                        <gco:CharacterString>Holland</gco:CharacterString>
                    </keyword>
                    <keyword>
                        <gco:CharacterString>Netherlands</gco:CharacterString>
                    </keyword>
                    <keyword>
                        <gco:CharacterString>RD</gco:CharacterString>
                    </keyword>
                    <keyword>
                        <gco:CharacterString>Rijksdriehoeksstelsel</gco:CharacterString>
                    </keyword>
                    <keyword>
                        <gco:CharacterString>watergrenzen</gco:CharacterString>
                    </keyword>
                    <keyword>
                        <gco:CharacterString>2019</gco:CharacterString>
                    </keyword>
                    <keyword>
                        <gco:CharacterString>Imergis</gco:CharacterString>
                    </keyword>
                    <keyword>
                        <gco:CharacterString>kustlijn</gco:CharacterString>
                    </keyword>
                </MD_Keywords>
            </descriptiveKeywords>
            <descriptiveKeywords>
                <MD_Keywords>
                    <keyword>
                        <gco:CharacterString>Provincie</gco:CharacterString>
                    </keyword>
                    <keyword>
                        <gco:CharacterString>Provincies</gco:CharacterString>
                    </keyword>
                    <keyword>
                        <gco:CharacterString>Provinciaal</gco:CharacterString>
                    </keyword>
                    <keyword>
                        <gco:CharacterString>Nederland</gco:CharacterString>
                    </keyword>
                    <keyword>
                        <gco:CharacterString>Province</gco:CharacterString>
                    </keyword>
                    <keyword>
                        <gco:CharacterString>Provinces</gco:CharacterString>
                    </keyword>
                    <keyword>
                        <gco:CharacterString>Gebieden</gco:CharacterString>
                    </keyword>
                    <keyword>
                        <gco:CharacterString>Grenzen</gco:CharacterString>
                    </keyword>
                    <keyword>
                        <gco:CharacterString>Provinciegrenzen</gco:CharacterString>
                    </keyword>
                    <keyword>
                        <gco:CharacterString>boundaries</gco:CharacterString>
                    </keyword>
                    <keyword>
                        <gco:CharacterString>provinciegrens</gco:CharacterString>
                    </keyword>
                    <keyword>
                        <gco:CharacterString>grens</gco:CharacterString>
                    </keyword>
                    <keyword>
                        <gco:CharacterString>dutch</gco:CharacterString>
                    </keyword>
                    <keyword>
                        <gco:CharacterString>Esri</gco:CharacterString>
                    </keyword>
                    <keyword>
                        <gco:CharacterString>Content</gco:CharacterString>
                    </keyword>
                    <keyword>
                        <gco:CharacterString>Holland</gco:CharacterString>
                    </keyword>
                    <keyword>
                        <gco:CharacterString>Netherlands</gco:CharacterString>
                    </keyword>
                    <keyword>
                        <gco:CharacterString>RD</gco:CharacterString>
                    </keyword>
                    <keyword>
                        <gco:CharacterString>Rijksdriehoeksstelsel</gco:CharacterString>
                    </keyword>
                    <keyword>
                        <gco:CharacterString>watergrenzen</gco:CharacterString>
                    </keyword>
                    <keyword>
                        <gco:CharacterString>2019</gco:CharacterString>
                    </keyword>
                    <keyword>
                        <gco:CharacterString>Imergis</gco:CharacterString>
                    </keyword>
                    <keyword>
                        <gco:CharacterString>kustlijn</gco:CharacterString>
                    </keyword>
                </MD_Keywords>
            </descriptiveKeywords>
            <descriptiveKeywords>
                <MD_Keywords>
                    <keyword>
                        <gco:CharacterString>Provincie</gco:CharacterString>
                    </keyword>
                    <keyword>
                        <gco:CharacterString>Provincies</gco:CharacterString>
                    </keyword>
                    <keyword>
                        <gco:CharacterString>Provinciaal</gco:CharacterString>
                    </keyword>
                    <keyword>
                        <gco:CharacterString>Nederland</gco:CharacterString>
                    </keyword>
                    <keyword>
                        <gco:CharacterString>Province</gco:CharacterString>
                    </keyword>
                    <keyword>
                        <gco:CharacterString>Provinces</gco:CharacterString>
                    </keyword>
                    <keyword>
                        <gco:CharacterString>Gebieden</gco:CharacterString>
                    </keyword>
                    <keyword>
                        <gco:CharacterString>Grenzen</gco:CharacterString>
                    </keyword>
                    <keyword>
                        <gco:CharacterString>Provinciegrenzen</gco:CharacterString>
                    </keyword>
                    <keyword>
                        <gco:CharacterString>boundaries</gco:CharacterString>
                    </keyword>
                    <keyword>
                        <gco:CharacterString>provinciegrens</gco:CharacterString>
                    </keyword>
                    <keyword>
                        <gco:CharacterString>grens</gco:CharacterString>
                    </keyword>
                    <keyword>
                        <gco:CharacterString>dutch</gco:CharacterString>
                    </keyword>
                    <keyword>
                        <gco:CharacterString>Esri</gco:CharacterString>
                    </keyword>
                    <keyword>
                        <gco:CharacterString>Content</gco:CharacterString>
                    </keyword>
                    <keyword>
                        <gco:CharacterString>Holland</gco:CharacterString>
                    </keyword>
                    <keyword>
                        <gco:CharacterString>Netherlands</gco:CharacterString>
                    </keyword>
                    <keyword>
                        <gco:CharacterString>RD</gco:CharacterString>
                    </keyword>
                    <keyword>
                        <gco:CharacterString>Rijksdriehoeksstelsel</gco:CharacterString>
                    </keyword>
                    <keyword>
                        <gco:CharacterString>watergrenzen</gco:CharacterString>
                    </keyword>
                    <keyword>
                        <gco:CharacterString>2019</gco:CharacterString>
                    </keyword>
                    <keyword>
                        <gco:CharacterString>Imergis</gco:CharacterString>
                    </keyword>
                    <keyword>
                        <gco:CharacterString>kustlijn</gco:CharacterString>
                    </keyword>
                </MD_Keywords>
            </descriptiveKeywords>
            <descriptiveKeywords>
                <MD_Keywords>
                    <keyword>
                        <gco:CharacterString>Provincie</gco:CharacterString>
                    </keyword>
                    <keyword>
                        <gco:CharacterString>Provincies</gco:CharacterString>
                    </keyword>
                    <keyword>
                        <gco:CharacterString>Provinciaal</gco:CharacterString>
                    </keyword>
                    <keyword>
                        <gco:CharacterString>Nederland</gco:CharacterString>
                    </keyword>
                    <keyword>
                        <gco:CharacterString>Province</gco:CharacterString>
                    </keyword>
                    <keyword>
                        <gco:CharacterString>Provinces</gco:CharacterString>
                    </keyword>
                    <keyword>
                        <gco:CharacterString>Gebieden</gco:CharacterString>
                    </keyword>
                    <keyword>
                        <gco:CharacterString>Grenzen</gco:CharacterString>
                    </keyword>
                    <keyword>
                        <gco:CharacterString>Provinciegrenzen</gco:CharacterString>
                    </keyword>
                    <keyword>
                        <gco:CharacterString>boundaries</gco:CharacterString>
                    </keyword>
                    <keyword>
                        <gco:CharacterString>provinciegrens</gco:CharacterString>
                    </keyword>
                    <keyword>
                        <gco:CharacterString>grens</gco:CharacterString>
                    </keyword>
                    <keyword>
                        <gco:CharacterString>dutch</gco:CharacterString>
                    </keyword>
                    <keyword>
                        <gco:CharacterString>Esri</gco:CharacterString>
                    </keyword>
                    <keyword>
                        <gco:CharacterString>Content</gco:CharacterString>
                    </keyword>
                    <keyword>
                        <gco:CharacterString>Holland</gco:CharacterString>
                    </keyword>
                    <keyword>
                        <gco:CharacterString>Netherlands</gco:CharacterString>
                    </keyword>
                    <keyword>
                        <gco:CharacterString>RD</gco:CharacterString>
                    </keyword>
                    <keyword>
                        <gco:CharacterString>Rijksdriehoeksstelsel</gco:CharacterString>
                    </keyword>
                    <keyword>
                        <gco:CharacterString>watergrenzen</gco:CharacterString>
                    </keyword>
                    <keyword>
                        <gco:CharacterString>2019</gco:CharacterString>
                    </keyword>
                    <keyword>
                        <gco:CharacterString>Imergis</gco:CharacterString>
                    </keyword>
                    <keyword>
                        <gco:CharacterString>kustlijn</gco:CharacterString>
                    </keyword>
                </MD_Keywords>
            </descriptiveKeywords>
            <descriptiveKeywords>
                <MD_Keywords>
                    <keyword>
                        <gco:CharacterString>Provincie</gco:CharacterString>
                    </keyword>
                    <keyword>
                        <gco:CharacterString>Provincies</gco:CharacterString>
                    </keyword>
                    <keyword>
                        <gco:CharacterString>Provinciaal</gco:CharacterString>
                    </keyword>
                    <keyword>
                        <gco:CharacterString>Nederland</gco:CharacterString>
                    </keyword>
                    <keyword>
                        <gco:CharacterString>Province</gco:CharacterString>
                    </keyword>
                    <keyword>
                        <gco:CharacterString>Provinces</gco:CharacterString>
                    </keyword>
                    <keyword>
                        <gco:CharacterString>Gebieden</gco:CharacterString>
                    </keyword>
                    <keyword>
                        <gco:CharacterString>Grenzen</gco:CharacterString>
                    </keyword>
                    <keyword>
                        <gco:CharacterString>Provinciegrenzen</gco:CharacterString>
                    </keyword>
                    <keyword>
                        <gco:CharacterString>boundaries</gco:CharacterString>
                    </keyword>
                    <keyword>
                        <gco:CharacterString>provinciegrens</gco:CharacterString>
                    </keyword>
                    <keyword>
                        <gco:CharacterString>grens</gco:CharacterString>
                    </keyword>
                    <keyword>
                        <gco:CharacterString>dutch</gco:CharacterString>
                    </keyword>
                    <keyword>
                        <gco:CharacterString>Esri</gco:CharacterString>
                    </keyword>
                    <keyword>
                        <gco:CharacterString>Content</gco:CharacterString>
                    </keyword>
                    <keyword>
                        <gco:CharacterString>Holland</gco:CharacterString>
                    </keyword>
                    <keyword>
                        <gco:CharacterString>Netherlands</gco:CharacterString>
                    </keyword>
                    <keyword>
                        <gco:CharacterString>RD</gco:CharacterString>
                    </keyword>
                    <keyword>
                        <gco:CharacterString>Rijksdriehoeksstelsel</gco:CharacterString>
                    </keyword>
                    <keyword>
                        <gco:CharacterString>watergrenzen</gco:CharacterString>
                    </keyword>
                    <keyword>
                        <gco:CharacterString>2019</gco:CharacterString>
                    </keyword>
                    <keyword>
                        <gco:CharacterString>Imergis</gco:CharacterString>
                    </keyword>
                    <keyword>
                        <gco:CharacterString>kustlijn</gco:CharacterString>
                    </keyword>
                </MD_Keywords>
            </descriptiveKeywords>
            <descriptiveKeywords>
                <MD_Keywords>
                    <keyword>
                        <gco:CharacterString>Provincie</gco:CharacterString>
                    </keyword>
                    <keyword>
                        <gco:CharacterString>Provincies</gco:CharacterString>
                    </keyword>
                    <keyword>
                        <gco:CharacterString>Provinciaal</gco:CharacterString>
                    </keyword>
                    <keyword>
                        <gco:CharacterString>Nederland</gco:CharacterString>
                    </keyword>
                    <keyword>
                        <gco:CharacterString>Province</gco:CharacterString>
                    </keyword>
                    <keyword>
                        <gco:CharacterString>Provinces</gco:CharacterString>
                    </keyword>
                    <keyword>
                        <gco:CharacterString>Gebieden</gco:CharacterString>
                    </keyword>
                    <keyword>
                        <gco:CharacterString>Grenzen</gco:CharacterString>
                    </keyword>
                    <keyword>
                        <gco:CharacterString>Provinciegrenzen</gco:CharacterString>
                    </keyword>
                    <keyword>
                        <gco:CharacterString>boundaries</gco:CharacterString>
                    </keyword>
                    <keyword>
                        <gco:CharacterString>provinciegrens</gco:CharacterString>
                    </keyword>
                    <keyword>
                        <gco:CharacterString>grens</gco:CharacterString>
                    </keyword>
                    <keyword>
                        <gco:CharacterString>dutch</gco:CharacterString>
                    </keyword>
                    <keyword>
                        <gco:CharacterString>Esri</gco:CharacterString>
                    </keyword>
                    <keyword>
                        <gco:CharacterString>Content</gco:CharacterString>
                    </keyword>
                    <keyword>
                        <gco:CharacterString>Holland</gco:CharacterString>
                    </keyword>
                    <keyword>
                        <gco:CharacterString>Netherlands</gco:CharacterString>
                    </keyword>
                    <keyword>
                        <gco:CharacterString>RD</gco:CharacterString>
                    </keyword>
                    <keyword>
                        <gco:CharacterString>Rijksdriehoeksstelsel</gco:CharacterString>
                    </keyword>
                    <keyword>
                        <gco:CharacterString>watergrenzen</gco:CharacterString>
                    </keyword>
                    <keyword>
                        <gco:CharacterString>2019</gco:CharacterString>
                    </keyword>
                    <keyword>
                        <gco:CharacterString>Imergis</gco:CharacterString>
                    </keyword>
                    <keyword>
                        <gco:CharacterString>kustlijn</gco:CharacterString>
                    </keyword>
                </MD_Keywords>
            </descriptiveKeywords>
            <descriptiveKeywords>
                <MD_Keywords>
                    <keyword>
                        <gco:CharacterString>Provincie</gco:CharacterString>
                    </keyword>
                    <keyword>
                        <gco:CharacterString>Provincies</gco:CharacterString>
                    </keyword>
                    <keyword>
                        <gco:CharacterString>Provinciaal</gco:CharacterString>
                    </keyword>
                    <keyword>
                        <gco:CharacterString>Nederland</gco:CharacterString>
                    </keyword>
                    <keyword>
                        <gco:CharacterString>Province</gco:CharacterString>
                    </keyword>
                    <keyword>
                        <gco:CharacterString>Provinces</gco:CharacterString>
                    </keyword>
                    <keyword>
                        <gco:CharacterString>Gebieden</gco:CharacterString>
                    </keyword>
                    <keyword>
                        <gco:CharacterString>Grenzen</gco:CharacterString>
                    </keyword>
                    <keyword>
                        <gco:CharacterString>Provinciegrenzen</gco:CharacterString>
                    </keyword>
                    <keyword>
                        <gco:CharacterString>boundaries</gco:CharacterString>
                    </keyword>
                    <keyword>
                        <gco:CharacterString>provinciegrens</gco:CharacterString>
                    </keyword>
                    <keyword>
                        <gco:CharacterString>grens</gco:CharacterString>
                    </keyword>
                    <keyword>
                        <gco:CharacterString>dutch</gco:CharacterString>
                    </keyword>
                    <keyword>
                        <gco:CharacterString>Esri</gco:CharacterString>
                    </keyword>
                    <keyword>
                        <gco:CharacterString>Content</gco:CharacterString>
                    </keyword>
                    <keyword>
                        <gco:CharacterString>Holland</gco:CharacterString>
                    </keyword>
                    <keyword>
                        <gco:CharacterString>Netherlands</gco:CharacterString>
                    </keyword>
                    <keyword>
                        <gco:CharacterString>RD</gco:CharacterString>
                    </keyword>
                    <keyword>
                        <gco:CharacterString>Rijksdriehoeksstelsel</gco:CharacterString>
                    </keyword>
                    <keyword>
                        <gco:CharacterString>watergrenzen</gco:CharacterString>
                    </keyword>
                    <keyword>
                        <gco:CharacterString>2019</gco:CharacterString>
                    </keyword>
                    <keyword>
                        <gco:CharacterString>Imergis</gco:CharacterString>
                    </keyword>
                    <keyword>
                        <gco:CharacterString>kustlijn</gco:CharacterString>
                    </keyword>
                </MD_Keywords>
            </descriptiveKeywords>
            <descriptiveKeywords>
                <MD_Keywords>
                    <keyword>
                        <gco:CharacterString>Provincie</gco:CharacterString>
                    </keyword>
                    <keyword>
                        <gco:CharacterString>Provincies</gco:CharacterString>
                    </keyword>
                    <keyword>
                        <gco:CharacterString>Provinciaal</gco:CharacterString>
                    </keyword>
                    <keyword>
                        <gco:CharacterString>Nederland</gco:CharacterString>
                    </keyword>
                    <keyword>
                        <gco:CharacterString>Province</gco:CharacterString>
                    </keyword>
                    <keyword>
                        <gco:CharacterString>Provinces</gco:CharacterString>
                    </keyword>
                    <keyword>
                        <gco:CharacterString>Gebieden</gco:CharacterString>
                    </keyword>
                    <keyword>
                        <gco:CharacterString>Grenzen</gco:CharacterString>
                    </keyword>
                    <keyword>
                        <gco:CharacterString>Provinciegrenzen</gco:CharacterString>
                    </keyword>
                    <keyword>
                        <gco:CharacterString>boundaries</gco:CharacterString>
                    </keyword>
                    <keyword>
                        <gco:CharacterString>provinciegrens</gco:CharacterString>
                    </keyword>
                    <keyword>
                        <gco:CharacterString>grens</gco:CharacterString>
                    </keyword>
                    <keyword>
                        <gco:CharacterString>dutch</gco:CharacterString>
                    </keyword>
                    <keyword>
                        <gco:CharacterString>Esri</gco:CharacterString>
                    </keyword>
                    <keyword>
                        <gco:CharacterString>Content</gco:CharacterString>
                    </keyword>
                    <keyword>
                        <gco:CharacterString>Holland</gco:CharacterString>
                    </keyword>
                    <keyword>
                        <gco:CharacterString>Netherlands</gco:CharacterString>
                    </keyword>
                    <keyword>
                        <gco:CharacterString>RD</gco:CharacterString>
                    </keyword>
                    <keyword>
                        <gco:CharacterString>Rijksdriehoeksstelsel</gco:CharacterString>
                    </keyword>
                    <keyword>
                        <gco:CharacterString>watergrenzen</gco:CharacterString>
                    </keyword>
                    <keyword>
                        <gco:CharacterString>2019</gco:CharacterString>
                    </keyword>
                    <keyword>
                        <gco:CharacterString>Imergis</gco:CharacterString>
                    </keyword>
                    <keyword>
                        <gco:CharacterString>kustlijn</gco:CharacterString>
                    </keyword>
                </MD_Keywords>
            </descriptiveKeywords>
            <descriptiveKeywords>
                <MD_Keywords>
                    <keyword>
                        <gco:CharacterString>Provincie</gco:CharacterString>
                    </keyword>
                    <keyword>
                        <gco:CharacterString>Provincies</gco:CharacterString>
                    </keyword>
                    <keyword>
                        <gco:CharacterString>Provinciaal</gco:CharacterString>
                    </keyword>
                    <keyword>
                        <gco:CharacterString>Nederland</gco:CharacterString>
                    </keyword>
                    <keyword>
                        <gco:CharacterString>Province</gco:CharacterString>
                    </keyword>
                    <keyword>
                        <gco:CharacterString>Provinces</gco:CharacterString>
                    </keyword>
                    <keyword>
                        <gco:CharacterString>Gebieden</gco:CharacterString>
                    </keyword>
                    <keyword>
                        <gco:CharacterString>Grenzen</gco:CharacterString>
                    </keyword>
                    <keyword>
                        <gco:CharacterString>Provinciegrenzen</gco:CharacterString>
                    </keyword>
                    <keyword>
                        <gco:CharacterString>boundaries</gco:CharacterString>
                    </keyword>
                    <keyword>
                        <gco:CharacterString>provinciegrens</gco:CharacterString>
                    </keyword>
                    <keyword>
                        <gco:CharacterString>grens</gco:CharacterString>
                    </keyword>
                    <keyword>
                        <gco:CharacterString>dutch</gco:CharacterString>
                    </keyword>
                    <keyword>
                        <gco:CharacterString>Esri</gco:CharacterString>
                    </keyword>
                    <keyword>
                        <gco:CharacterString>Content</gco:CharacterString>
                    </keyword>
                    <keyword>
                        <gco:CharacterString>Holland</gco:CharacterString>
                    </keyword>
                    <keyword>
                        <gco:CharacterString>Netherlands</gco:CharacterString>
                    </keyword>
                    <keyword>
                        <gco:CharacterString>RD</gco:CharacterString>
                    </keyword>
                    <keyword>
                        <gco:CharacterString>Rijksdriehoeksstelsel</gco:CharacterString>
                    </keyword>
                    <keyword>
                        <gco:CharacterString>watergrenzen</gco:CharacterString>
                    </keyword>
                    <keyword>
                        <gco:CharacterString>2019</gco:CharacterString>
                    </keyword>
                    <keyword>
                        <gco:CharacterString>Imergis</gco:CharacterString>
                    </keyword>
                    <keyword>
                        <gco:CharacterString>kustlijn</gco:CharacterString>
                    </keyword>
                </MD_Keywords>
            </descriptiveKeywords>
            <descriptiveKeywords>
                <MD_Keywords>
                    <keyword>
                        <gco:CharacterString>Provincie</gco:CharacterString>
                    </keyword>
                    <keyword>
                        <gco:CharacterString>Provincies</gco:CharacterString>
                    </keyword>
                    <keyword>
                        <gco:CharacterString>Provinciaal</gco:CharacterString>
                    </keyword>
                    <keyword>
                        <gco:CharacterString>Nederland</gco:CharacterString>
                    </keyword>
                    <keyword>
                        <gco:CharacterString>Province</gco:CharacterString>
                    </keyword>
                    <keyword>
                        <gco:CharacterString>Provinces</gco:CharacterString>
                    </keyword>
                    <keyword>
                        <gco:CharacterString>Gebieden</gco:CharacterString>
                    </keyword>
                    <keyword>
                        <gco:CharacterString>Grenzen</gco:CharacterString>
                    </keyword>
                    <keyword>
                        <gco:CharacterString>Provinciegrenzen</gco:CharacterString>
                    </keyword>
                    <keyword>
                        <gco:CharacterString>boundaries</gco:CharacterString>
                    </keyword>
                    <keyword>
                        <gco:CharacterString>provinciegrens</gco:CharacterString>
                    </keyword>
                    <keyword>
                        <gco:CharacterString>grens</gco:CharacterString>
                    </keyword>
                    <keyword>
                        <gco:CharacterString>dutch</gco:CharacterString>
                    </keyword>
                    <keyword>
                        <gco:CharacterString>Esri</gco:CharacterString>
                    </keyword>
                    <keyword>
                        <gco:CharacterString>Content</gco:CharacterString>
                    </keyword>
                    <keyword>
                        <gco:CharacterString>Holland</gco:CharacterString>
                    </keyword>
                    <keyword>
                        <gco:CharacterString>Netherlands</gco:CharacterString>
                    </keyword>
                    <keyword>
                        <gco:CharacterString>RD</gco:CharacterString>
                    </keyword>
                    <keyword>
                        <gco:CharacterString>Rijksdriehoeksstelsel</gco:CharacterString>
                    </keyword>
                    <keyword>
                        <gco:CharacterString>watergrenzen</gco:CharacterString>
                    </keyword>
                    <keyword>
                        <gco:CharacterString>2019</gco:CharacterString>
                    </keyword>
                    <keyword>
                        <gco:CharacterString>Imergis</gco:CharacterString>
                    </keyword>
                    <keyword>
                        <gco:CharacterString>kustlijn</gco:CharacterString>
                    </keyword>
                </MD_Keywords>
            </descriptiveKeywords>
            <descriptiveKeywords>
                <MD_Keywords>
                    <keyword>
                        <gco:CharacterString>Provincie</gco:CharacterString>
                    </keyword>
                    <keyword>
                        <gco:CharacterString>Provincies</gco:CharacterString>
                    </keyword>
                    <keyword>
                        <gco:CharacterString>Provinciaal</gco:CharacterString>
                    </keyword>
                    <keyword>
                        <gco:CharacterString>Nederland</gco:CharacterString>
                    </keyword>
                    <keyword>
                        <gco:CharacterString>Province</gco:CharacterString>
                    </keyword>
                    <keyword>
                        <gco:CharacterString>Provinces</gco:CharacterString>
                    </keyword>
                    <keyword>
                        <gco:CharacterString>Gebieden</gco:CharacterString>
                    </keyword>
                    <keyword>
                        <gco:CharacterString>Grenzen</gco:CharacterString>
                    </keyword>
                    <keyword>
                        <gco:CharacterString>Provinciegrenzen</gco:CharacterString>
                    </keyword>
                    <keyword>
                        <gco:CharacterString>boundaries</gco:CharacterString>
                    </keyword>
                    <keyword>
                        <gco:CharacterString>provinciegrens</gco:CharacterString>
                    </keyword>
                    <keyword>
                        <gco:CharacterString>grens</gco:CharacterString>
                    </keyword>
                    <keyword>
                        <gco:CharacterString>dutch</gco:CharacterString>
                    </keyword>
                    <keyword>
                        <gco:CharacterString>Esri</gco:CharacterString>
                    </keyword>
                    <keyword>
                        <gco:CharacterString>Content</gco:CharacterString>
                    </keyword>
                    <keyword>
                        <gco:CharacterString>Holland</gco:CharacterString>
                    </keyword>
                    <keyword>
                        <gco:CharacterString>Netherlands</gco:CharacterString>
                    </keyword>
                    <keyword>
                        <gco:CharacterString>RD</gco:CharacterString>
                    </keyword>
                    <keyword>
                        <gco:CharacterString>Rijksdriehoeksstelsel</gco:CharacterString>
                    </keyword>
                    <keyword>
                        <gco:CharacterString>watergrenzen</gco:CharacterString>
                    </keyword>
                    <keyword>
                        <gco:CharacterString>2019</gco:CharacterString>
                    </keyword>
                    <keyword>
                        <gco:CharacterString>Imergis</gco:CharacterString>
                    </keyword>
                    <keyword>
                        <gco:CharacterString>kustlijn</gco:CharacterString>
                    </keyword>
                </MD_Keywords>
            </descriptiveKeywords>
            <descriptiveKeywords>
                <MD_Keywords>
                    <keyword>
                        <gco:CharacterString>Provincie</gco:CharacterString>
                    </keyword>
                    <keyword>
                        <gco:CharacterString>Provincies</gco:CharacterString>
                    </keyword>
                    <keyword>
                        <gco:CharacterString>Provinciaal</gco:CharacterString>
                    </keyword>
                    <keyword>
                        <gco:CharacterString>Nederland</gco:CharacterString>
                    </keyword>
                    <keyword>
                        <gco:CharacterString>Province</gco:CharacterString>
                    </keyword>
                    <keyword>
                        <gco:CharacterString>Provinces</gco:CharacterString>
                    </keyword>
                    <keyword>
                        <gco:CharacterString>Gebieden</gco:CharacterString>
                    </keyword>
                    <keyword>
                        <gco:CharacterString>Grenzen</gco:CharacterString>
                    </keyword>
                    <keyword>
                        <gco:CharacterString>Provinciegrenzen</gco:CharacterString>
                    </keyword>
                    <keyword>
                        <gco:CharacterString>boundaries</gco:CharacterString>
                    </keyword>
                    <keyword>
                        <gco:CharacterString>provinciegrens</gco:CharacterString>
                    </keyword>
                    <keyword>
                        <gco:CharacterString>grens</gco:CharacterString>
                    </keyword>
                    <keyword>
                        <gco:CharacterString>dutch</gco:CharacterString>
                    </keyword>
                    <keyword>
                        <gco:CharacterString>Esri</gco:CharacterString>
                    </keyword>
                    <keyword>
                        <gco:CharacterString>Content</gco:CharacterString>
                    </keyword>
                    <keyword>
                        <gco:CharacterString>Holland</gco:CharacterString>
                    </keyword>
                    <keyword>
                        <gco:CharacterString>Netherlands</gco:CharacterString>
                    </keyword>
                    <keyword>
                        <gco:CharacterString>RD</gco:CharacterString>
                    </keyword>
                    <keyword>
                        <gco:CharacterString>Rijksdriehoeksstelsel</gco:CharacterString>
                    </keyword>
                    <keyword>
                        <gco:CharacterString>watergrenzen</gco:CharacterString>
                    </keyword>
                    <keyword>
                        <gco:CharacterString>2019</gco:CharacterString>
                    </keyword>
                    <keyword>
                        <gco:CharacterString>Imergis</gco:CharacterString>
                    </keyword>
                    <keyword>
                        <gco:CharacterString>kustlijn</gco:CharacterString>
                    </keyword>
                </MD_Keywords>
            </descriptiveKeywords>
            <descriptiveKeywords>
                <MD_Keywords>
                    <keyword>
                        <gco:CharacterString>Provincie</gco:CharacterString>
                    </keyword>
                    <keyword>
                        <gco:CharacterString>Provincies</gco:CharacterString>
                    </keyword>
                    <keyword>
                        <gco:CharacterString>Provinciaal</gco:CharacterString>
                    </keyword>
                    <keyword>
                        <gco:CharacterString>Nederland</gco:CharacterString>
                    </keyword>
                    <keyword>
                        <gco:CharacterString>Province</gco:CharacterString>
                    </keyword>
                    <keyword>
                        <gco:CharacterString>Provinces</gco:CharacterString>
                    </keyword>
                    <keyword>
                        <gco:CharacterString>Gebieden</gco:CharacterString>
                    </keyword>
                    <keyword>
                        <gco:CharacterString>Grenzen</gco:CharacterString>
                    </keyword>
                    <keyword>
                        <gco:CharacterString>Provinciegrenzen</gco:CharacterString>
                    </keyword>
                    <keyword>
                        <gco:CharacterString>boundaries</gco:CharacterString>
                    </keyword>
                    <keyword>
                        <gco:CharacterString>provinciegrens</gco:CharacterString>
                    </keyword>
                    <keyword>
                        <gco:CharacterString>grens</gco:CharacterString>
                    </keyword>
                    <keyword>
                        <gco:CharacterString>dutch</gco:CharacterString>
                    </keyword>
                    <keyword>
                        <gco:CharacterString>Esri</gco:CharacterString>
                    </keyword>
                    <keyword>
                        <gco:CharacterString>Content</gco:CharacterString>
                    </keyword>
                    <keyword>
                        <gco:CharacterString>Holland</gco:CharacterString>
                    </keyword>
                    <keyword>
                        <gco:CharacterString>Netherlands</gco:CharacterString>
                    </keyword>
                    <keyword>
                        <gco:CharacterString>RD</gco:CharacterString>
                    </keyword>
                    <keyword>
                        <gco:CharacterString>Rijksdriehoeksstelsel</gco:CharacterString>
                    </keyword>
                    <keyword>
                        <gco:CharacterString>watergrenzen</gco:CharacterString>
                    </keyword>
                    <keyword>
                        <gco:CharacterString>2019</gco:CharacterString>
                    </keyword>
                    <keyword>
                        <gco:CharacterString>Imergis</gco:CharacterString>
                    </keyword>
                    <keyword>
                        <gco:CharacterString>kustlijn</gco:CharacterString>
                    </keyword>
                </MD_Keywords>
            </descriptiveKeywords>
            <descriptiveKeywords>
                <MD_Keywords>
                    <keyword>
                        <gco:CharacterString>Provincie</gco:CharacterString>
                    </keyword>
                    <keyword>
                        <gco:CharacterString>Provincies</gco:CharacterString>
                    </keyword>
                    <keyword>
                        <gco:CharacterString>Provinciaal</gco:CharacterString>
                    </keyword>
                    <keyword>
                        <gco:CharacterString>Nederland</gco:CharacterString>
                    </keyword>
                    <keyword>
                        <gco:CharacterString>Province</gco:CharacterString>
                    </keyword>
                    <keyword>
                        <gco:CharacterString>Provinces</gco:CharacterString>
                    </keyword>
                    <keyword>
                        <gco:CharacterString>Gebieden</gco:CharacterString>
                    </keyword>
                    <keyword>
                        <gco:CharacterString>Grenzen</gco:CharacterString>
                    </keyword>
                    <keyword>
                        <gco:CharacterString>Provinciegrenzen</gco:CharacterString>
                    </keyword>
                    <keyword>
                        <gco:CharacterString>boundaries</gco:CharacterString>
                    </keyword>
                    <keyword>
                        <gco:CharacterString>provinciegrens</gco:CharacterString>
                    </keyword>
                    <keyword>
                        <gco:CharacterString>grens</gco:CharacterString>
                    </keyword>
                    <keyword>
                        <gco:CharacterString>dutch</gco:CharacterString>
                    </keyword>
                    <keyword>
                        <gco:CharacterString>Esri</gco:CharacterString>
                    </keyword>
                    <keyword>
                        <gco:CharacterString>Content</gco:CharacterString>
                    </keyword>
                    <keyword>
                        <gco:CharacterString>Holland</gco:CharacterString>
                    </keyword>
                    <keyword>
                        <gco:CharacterString>Netherlands</gco:CharacterString>
                    </keyword>
                    <keyword>
                        <gco:CharacterString>RD</gco:CharacterString>
                    </keyword>
                    <keyword>
                        <gco:CharacterString>Rijksdriehoeksstelsel</gco:CharacterString>
                    </keyword>
                    <keyword>
                        <gco:CharacterString>watergrenzen</gco:CharacterString>
                    </keyword>
                    <keyword>
                        <gco:CharacterString>2019</gco:CharacterString>
                    </keyword>
                    <keyword>
                        <gco:CharacterString>Imergis</gco:CharacterString>
                    </keyword>
                    <keyword>
                        <gco:CharacterString>kustlijn</gco:CharacterString>
                    </keyword>
                </MD_Keywords>
            </descriptiveKeywords>
            <descriptiveKeywords>
                <MD_Keywords>
                    <keyword>
                        <gco:CharacterString>Provincie</gco:CharacterString>
                    </keyword>
                    <keyword>
                        <gco:CharacterString>Provincies</gco:CharacterString>
                    </keyword>
                    <keyword>
                        <gco:CharacterString>Provinciaal</gco:CharacterString>
                    </keyword>
                    <keyword>
                        <gco:CharacterString>Nederland</gco:CharacterString>
                    </keyword>
                    <keyword>
                        <gco:CharacterString>Province</gco:CharacterString>
                    </keyword>
                    <keyword>
                        <gco:CharacterString>Provinces</gco:CharacterString>
                    </keyword>
                    <keyword>
                        <gco:CharacterString>Gebieden</gco:CharacterString>
                    </keyword>
                    <keyword>
                        <gco:CharacterString>Grenzen</gco:CharacterString>
                    </keyword>
                    <keyword>
                        <gco:CharacterString>Provinciegrenzen</gco:CharacterString>
                    </keyword>
                    <keyword>
                        <gco:CharacterString>boundaries</gco:CharacterString>
                    </keyword>
                    <keyword>
                        <gco:CharacterString>provinciegrens</gco:CharacterString>
                    </keyword>
                    <keyword>
                        <gco:CharacterString>grens</gco:CharacterString>
                    </keyword>
                    <keyword>
                        <gco:CharacterString>dutch</gco:CharacterString>
                    </keyword>
                    <keyword>
                        <gco:CharacterString>Esri</gco:CharacterString>
                    </keyword>
                    <keyword>
                        <gco:CharacterString>Content</gco:CharacterString>
                    </keyword>
                    <keyword>
                        <gco:CharacterString>Holland</gco:CharacterString>
                    </keyword>
                    <keyword>
                        <gco:CharacterString>Netherlands</gco:CharacterString>
                    </keyword>
                    <keyword>
                        <gco:CharacterString>RD</gco:CharacterString>
                    </keyword>
                    <keyword>
                        <gco:CharacterString>Rijksdriehoeksstelsel</gco:CharacterString>
                    </keyword>
                    <keyword>
                        <gco:CharacterString>watergrenzen</gco:CharacterString>
                    </keyword>
                    <keyword>
                        <gco:CharacterString>2019</gco:CharacterString>
                    </keyword>
                    <keyword>
                        <gco:CharacterString>Imergis</gco:CharacterString>
                    </keyword>
                    <keyword>
                        <gco:CharacterString>kustlijn</gco:CharacterString>
                    </keyword>
                </MD_Keywords>
            </descriptiveKeywords>
            <descriptiveKeywords>
                <MD_Keywords>
                    <keyword>
                        <gco:CharacterString>Provincie</gco:CharacterString>
                    </keyword>
                    <keyword>
                        <gco:CharacterString>Provincies</gco:CharacterString>
                    </keyword>
                    <keyword>
                        <gco:CharacterString>Provinciaal</gco:CharacterString>
                    </keyword>
                    <keyword>
                        <gco:CharacterString>Nederland</gco:CharacterString>
                    </keyword>
                    <keyword>
                        <gco:CharacterString>Province</gco:CharacterString>
                    </keyword>
                    <keyword>
                        <gco:CharacterString>Provinces</gco:CharacterString>
                    </keyword>
                    <keyword>
                        <gco:CharacterString>Gebieden</gco:CharacterString>
                    </keyword>
                    <keyword>
                        <gco:CharacterString>Grenzen</gco:CharacterString>
                    </keyword>
                    <keyword>
                        <gco:CharacterString>Provinciegrenzen</gco:CharacterString>
                    </keyword>
                    <keyword>
                        <gco:CharacterString>boundaries</gco:CharacterString>
                    </keyword>
                    <keyword>
                        <gco:CharacterString>provinciegrens</gco:CharacterString>
                    </keyword>
                    <keyword>
                        <gco:CharacterString>grens</gco:CharacterString>
                    </keyword>
                    <keyword>
                        <gco:CharacterString>dutch</gco:CharacterString>
                    </keyword>
                    <keyword>
                        <gco:CharacterString>Esri</gco:CharacterString>
                    </keyword>
                    <keyword>
                        <gco:CharacterString>Content</gco:CharacterString>
                    </keyword>
                    <keyword>
                        <gco:CharacterString>Holland</gco:CharacterString>
                    </keyword>
                    <keyword>
                        <gco:CharacterString>Netherlands</gco:CharacterString>
                    </keyword>
                    <keyword>
                        <gco:CharacterString>RD</gco:CharacterString>
                    </keyword>
                    <keyword>
                        <gco:CharacterString>Rijksdriehoeksstelsel</gco:CharacterString>
                    </keyword>
                    <keyword>
                        <gco:CharacterString>watergrenzen</gco:CharacterString>
                    </keyword>
                    <keyword>
                        <gco:CharacterString>2019</gco:CharacterString>
                    </keyword>
                    <keyword>
                        <gco:CharacterString>Imergis</gco:CharacterString>
                    </keyword>
                    <keyword>
                        <gco:CharacterString>kustlijn</gco:CharacterString>
                    </keyword>
                </MD_Keywords>
            </descriptiveKeywords>
            <resourceConstraints>
                <MD_Constraints>
                    <useLimitation>
                        <gco:CharacterString>Op het gebruik van deze data en services zijn van toepassing de Esri Nederland Terms of Use. U dient hiervan voor gebruik van de data en services kennis te nemen. Zodra u de data of services gebruikt of downloadt stemt u in met deze Terms of Use.</gco:CharacterString>
                    </useLimitation>
                </MD_Constraints>
            </resourceConstraints>
            <language gco:nilReason="missing"/>
            <characterSet>
                <MD_CharacterSetCode codeList="http://www.isotc211.org/2005/resources/Codelist/gmxCodelists.xml#MD_CharacterSetCode" codeListValue="utf8" codeSpace="ISOTC211/19115">utf8</MD_CharacterSetCode>
            </characterSet>
        </MD_DataIdentification>
    </identificationInfo>
</MD_Metadata>
