pc4,labels
1011,1
1012,1
1013,1
1014,1
1015,1
1016,1
1017,1
1018,1
1019,1
1021,1
1022,1
1023,1
1024,1
1025,1
1026,1
1027,1
1028,1
1031,1
1032,1
1033,1
1034,1
1035,1
1036,1
1037,1
1041,1
1042,1
1043,1
1044,1
1045,1
1046,1
1047,1
1051,1
1052,1
1053,1
1054,1
1055,1
1056,1
1057,1
1058,1
1059,1
1060,1
1061,1
1062,1
1063,1
1064,1
1065,1
1066,1
1067,1
1068,1
1069,1
1071,1
1072,1
1073,1
1074,1
1075,1
1076,1
1077,1
1078,1
1079,1
1081,1
1082,1
1083,1
1086,1
1087,1
1091,1
1092,1
1093,1
1094,1
1095,1
1096,1
1097,1
1098,1
1101,1
1102,1
1103,1
1104,1
1105,1
1106,1
1107,1
1108,1
1109,1
1111,1
1112,1
1113,1
1114,1
1115,1
1117,1
1118,1
1119,1
1121,1
1127,1
1131,1
1132,1
1135,1
1141,1
1145,1
1151,1
1153,1
1154,1
1156,1
1161,1
1165,1
1171,1
1175,1
1181,1
1182,1
1183,1
1184,1
1185,1
1186,1
1187,1
1188,1
1189,1
1191,1
1211,1
1212,1
1213,1
1214,1
1215,1
1216,1
1217,1
1218,1
1221,1
1222,1
1223,1
1231,1
1241,1
1243,1
1244,1
1251,1
1252,1
1261,1
1262,1
1271,1
1272,1
1273,1
1274,1
1275,1
1276,1
1277,1
1309,1
1311,1
1312,1
1313,1
1314,1
1315,1
1316,1
1317,1
1318,1
1319,1
1321,1
1322,1
1323,1
1324,1
1325,1
1326,1
1327,1
1328,1
1329,1
1331,1
1332,1
1333,1
1334,1
1335,1
1336,1
1338,1
1339,1
1341,1
1343,1
1349,1
1351,1
1352,1
1353,1
1354,1
1355,1
1356,1
1357,1
1358,1
1359,1
1361,1
1362,1
1363,1
1381,1
1382,1
1383,1
1384,1
1391,1
1393,1
1394,1
1396,1
1398,1
1399,1
1401,1
1402,1
1403,1
1404,1
1405,1
1406,1
1411,1
1412,1
1421,1
1422,1
1423,1
1424,1
1426,1
1427,1
1428,1
1431,1
1432,1
1433,1
1435,1
1436,1
1437,1
1438,1
1441,1
1442,1
1443,1
1444,1
1445,1
1446,1
1447,1
1448,1
1451,1
1452,1
1454,1
1456,1
1458,1
1461,1
1462,1
1463,1
1464,1
1471,1
1472,1
1473,1
1474,1
1475,1
1476,1
1477,1
1481,1
1482,1
1483,1
1484,1
1485,1
1486,1
1487,1
1488,1
1489,1
1501,1
1502,1
1503,1
1504,1
1505,1
1506,1
1507,1
1508,1
1509,1
1511,1
1521,1
1525,1
1531,1
1534,1
1536,1
1541,1
1544,1
1546,1
1551,1
1561,1
1562,1
1566,1
1567,1
1601,1
1602,1
1606,1
1607,1
1608,1
1609,1
1611,1
1613,1
1614,1
1616,1
1617,1
1619,1
1621,1
1622,1
1623,1
1624,1
1625,1
1627,1
1628,1
1631,1
1633,1
1634,1
1636,1
1641,1
1642,1
1643,1
1645,1
1646,1
1647,1
1648,1
1652,1
1654,1
1655,1
1657,1
1658,1
1661,1
1662,1
1663,1
1671,1
1674,1
1676,1
1678,1
1679,1
1681,1
1682,1
1683,1
1684,1
1685,1
1686,1
1687,1
1688,1
1689,1
1691,1
1692,1
1693,1
1695,1
1696,1
1697,1
1701,1
1702,1
1703,1
1704,1
1705,1
1706,1
1711,1
1713,1
1715,1
1716,1
1718,1
1719,1
1721,1
1722,1
1723,1
1724,1
1731,1
1732,1
1733,1
1734,1
1735,1
1736,1
1738,1
1741,1
1742,1
1744,1
1746,1
1747,1
1749,1
1751,1
1752,1
1753,1
1754,1
1755,1
1756,1
1757,1
1759,1
1761,1
1764,1
1766,1
1767,1
1768,1
1769,1
1771,1
1773,1
1774,1
1775,1
1777,1
1778,1
1779,1
1781,1
1782,1
1783,1
1784,1
1785,1
1786,1
1787,1
1788,1
1789,1
1791,1
1792,1
1793,1
1794,1
1795,1
1796,1
1797,1
1811,1
1812,1
1813,1
1814,1
1815,1
1816,1
1817,1
1821,1
1822,1
1823,1
1824,1
1825,1
1826,1
1827,1
1829,1
1831,1
1832,1
1834,1
1841,1
1842,1
1843,1
1844,1
1846,1
1847,1
1851,1
1852,1
1853,1
1861,1
1862,1
1865,1
1871,1
1873,1
1901,1
1902,1
1906,1
1911,1
1921,1
1931,1
1934,1
1935,1
1941,1
1942,1
1943,1
1944,1
1945,1
1946,1
1947,1
1948,1
1949,1
1951,1
1961,1
1962,1
1963,1
1964,1
1965,1
1966,1
1967,1
1968,1
1969,1
1971,1
1972,1
1973,1
1974,1
1975,1
1976,1
1981,1
1985,1
1991,1
1992,1
2011,1
2012,1
2013,1
2014,1
2015,1
2019,1
2021,1
2022,1
2023,1
2024,1
2025,1
2026,1
2031,1
2032,1
2033,1
2034,1
2035,1
2036,1
2037,1
2041,1
2042,1
2051,1
2061,1
2063,1
2064,1
2065,1
2071,1
2082,1
2101,1
2102,1
2103,1
2104,1
2105,1
2106,1
2111,1
2114,1
2116,1
2121,1
2131,1
2132,1
2133,1
2134,1
2135,1
2136,1
2141,1
2142,1
2143,1
2144,1
2151,1
2152,1
2153,1
2154,1
2155,1
2156,1
2157,1
2158,1
2159,1
2161,1
2162,1
2163,1
2165,1
2171,1
2172,1
2181,1
2182,1
2191,1
2201,1
2202,1
2203,1
2204,1
2211,1
2212,1
2215,1
2216,1
2221,1
2222,1
2223,1
2224,1
2225,1
2231,1
2232,1
2235,1
2241,1
2242,1
2243,1
2244,1
2245,1
2251,1
2252,1
2253,1
2254,1
2261,1
2262,1
2263,1
2264,1
2265,1
2266,1
2267,1
2271,1
2272,1
2273,1
2274,1
2275,1
2281,1
2282,1
2283,1
2284,1
2285,1
2286,1
2287,1
2288,1
2289,1
2291,1
2292,1
2295,1
2311,1
2312,1
2313,1
2314,1
2315,1
2316,1
2317,1
2318,1
2321,1
2322,1
2323,1
2324,1
2331,1
2332,1
2333,1
2334,1
2341,1
2342,1
2343,1
2351,1
2352,1
2353,1
2355,1
2361,1
2362,1
2371,1
2374,1
2375,1
2376,1
2377,1
2381,1
2382,1
2391,1
2394,1
2396,1
2401,1
2402,1
2403,1
2404,1
2405,1
2406,1
2407,1
2408,1
2409,1
2411,1
2412,1
2415,1
2421,1
2431,1
2432,1
2435,1
2441,1
2445,1
2451,1
2461,1
2465,1
2471,1
2481,1
2491,1
2492,1
2493,1
2495,1
2496,1
2497,1
2498,1
2511,1
2512,1
2513,1
2514,1
2515,1
2516,1
2517,1
2518,1
2521,1
2522,1
2523,1
2524,1
2525,1
2526,1
2531,1
2532,1
2533,1
2541,1
2542,1
2543,1
2544,1
2545,1
2546,1
2547,1
2548,1
2551,1
2552,1
2553,1
2554,1
2555,1
2561,1
2562,1
2563,1
2564,1
2565,1
2566,1
2571,1
2572,1
2573,1
2574,1
2581,1
2582,1
2583,1
2584,1
2585,1
2586,1
2587,1
2591,1
2592,1
2593,1
2594,1
2595,1
2596,1
2597,1
2611,1
2612,1
2613,1
2614,1
2616,1
2622,1
2623,1
2624,1
2625,1
2626,1
2627,1
2628,1
2629,1
2631,1
2632,1
2635,1
2636,1
2641,1
2642,1
2643,1
2645,1
2651,1
2652,1
2661,1
2662,1
2665,1
2671,1
2672,1
2673,1
2675,1
2676,1
2678,1
2681,1
2684,1
2685,1
2691,1
2692,1
2693,1
2694,1
2711,1
2712,1
2713,1
2715,1
2716,1
2717,1
2718,1
2719,1
2721,1
2722,1
2723,1
2724,1
2725,1
2726,1
2727,1
2728,1
2729,1
2731,1
2735,1
2741,1
2742,1
2743,1
2751,1
2752,1
2761,1
2771,1
2801,1
2802,1
2803,1
2804,1
2805,1
2806,1
2807,1
2808,1
2809,1
2811,1
2821,1
2825,1
2831,1
2841,1
2851,1
2855,1
2861,1
2865,1
2871,1
2872,1
2901,1
2902,1
2903,1
2904,1
2905,1
2906,1
2907,1
2908,1
2909,1
2911,1
2912,1
2913,1
2914,1
2921,1
2922,1
2923,1
2924,1
2925,1
2926,1
2931,1
2935,1
2941,1
2951,1
2952,1
2953,1
2954,1
2957,1
2959,1
2961,1
2964,1
2965,1
2967,1
2968,1
2969,1
2971,1
2973,1
2974,1
2975,1
2977,1
2981,1
2982,1
2983,1
2984,1
2985,1
2986,1
2987,1
2988,1
2989,1
2991,1
2992,1
2993,1
2994,1
2995,1
3011,1
3012,1
3013,1
3014,1
3015,1
3016,1
3021,1
3022,1
3023,1
3024,1
3025,1
3026,1
3027,1
3028,1
3029,1
3031,1
3032,1
3033,1
3034,1
3035,1
3036,1
3037,1
3038,1
3039,1
3041,1
3042,1
3043,1
3044,1
3045,1
3046,1
3047,1
3051,1
3052,1
3053,1
3054,1
3055,1
3056,1
3059,1
3061,1
3062,1
3063,1
3064,1
3065,1
3066,1
3067,1
3068,1
3069,1
3071,1
3072,1
3073,1
3074,1
3075,1
3076,1
3077,1
3078,1
3079,1
3081,1
3082,1
3083,1
3084,1
3085,1
3086,1
3087,1
3088,1
3089,1
3111,1
3112,1
3113,1
3114,1
3115,1
3116,1
3117,1
3118,1
3119,1
3121,1
3122,1
3123,1
3124,1
3125,1
3131,1
3132,1
3133,1
3134,1
3135,1
3136,1
3137,1
3138,1
3141,1
3142,1
3143,1
3144,1
3145,1
3146,1
3147,1
3151,1
3155,1
3161,1
3162,1
3165,1
3171,1
3172,1
3176,1
3181,1
3191,1
3192,1
3193,1
3194,1
3195,1
3196,1
3197,1
3198,1
3199,1
3201,1
3202,1
3203,1
3204,1
3205,1
3206,1
3207,1
3208,1
3209,1
3211,1
3212,1
3214,1
3216,1
3218,1
3221,1
3222,1
3223,1
3224,1
3225,1
3227,1
3231,1
3232,1
3233,1
3234,1
3235,1
3237,1
3238,1
3241,1
3243,0
3244,0
3245,0
3247,0
3248,0
3249,0
3251,0
3252,0
3253,0
3255,0
3256,0
3257,0
3258,0
3261,0
3262,1
3263,1
3264,1
3265,1
3267,1
3271,0
3273,1
3274,1
3281,1
3284,1
3285,1
3291,1
3292,1
3292,1
3295,1
3297,1
3299,1
3311,1
3312,1
3313,1
3314,1
3315,1
3316,1
3317,1
3318,1
3319,1
3328,1
3329,1
3331,1
3332,1
3333,1
3334,1
3335,1
3336,1
3341,1
3342,1
3343,1
3344,1
3351,1
3352,1
3353,1
3354,1
3355,1
3356,1
3361,1
3362,1
3363,1
3364,1
3366,1
3370,1
3371,1
3372,1
3373,1
3381,1
3382,1
3401,1
3402,1
3403,1
3404,1
3405,1
3411,1
3412,1
3413,1
3415,1
3417,1
3421,1
3425,1
3431,1
3432,1
3433,1
3434,1
3435,1
3436,1
3437,1
3438,1
3439,1
3440,1
3442,1
3443,1
3444,1
3445,1
3446,1
3447,1
3447,1
3449,1
3451,1
3452,1
3453,1
3454,1
3455,1
3461,1
3464,1
3465,1
3466,1
3467,1
3471,1
3474,1
3481,1
3511,1
3512,1
3513,1
3514,1
3515,1
3521,1
3522,1
3523,1
3524,1
3525,1
3526,1
3527,1
3528,1
3531,1
3532,1
3533,1
3534,1
3541,1
3541,1
3543,1
3544,1
3545,1
3546,1
3551,1
3552,1
3553,1
3554,1
3555,1
3561,1
3562,1
3563,1
3564,1
3565,1
3566,1
3571,1
3572,1
3573,1
3581,1
3582,1
3583,1
3584,1
3585,1
3601,1
3602,1
3603,1
3604,1
3605,1
3606,1
3607,1
3608,1
3611,1
3612,1
3615,1
3621,1
3625,1
3626,1
3628,1
3631,1
3632,1
3633,1
3634,1
3641,1
3642,1
3643,1
3645,1
3646,1
3648,1
3651,1
3652,1
3653,1
3701,1
3702,1
3703,1
3704,1
3705,1
3706,1
3707,1
3708,1
3709,1
3711,1
3712,1
3721,1
3722,1
3723,1
3731,1
3732,1
3734,1
3735,1
3737,1
3738,1
3739,1
3741,1
3742,1
3743,1
3744,1
3749,1
3751,1
3752,1
3754,1
3755,1
3761,1
3762,1
3763,1
3764,1
3765,1
3766,1
3768,1
3769,1
3771,1
3772,1
3773,1
3774,1
3775,1
3776,1
3781,1
3784,1
3785,1
3791,1
3792,1
3794,1
3811,1
3812,1
3813,1
3814,1
3815,1
3816,1
3817,1
3818,1
3819,1
3821,1
3822,1
3823,1
3824,1
3825,1
3826,1
3828,1
3829,1
3831,1
3832,1
3833,1
3834,1
3835,1
3836,0
3841,1
3842,1
3843,1
3844,1
3845,1
3846,1
3847,0
3848,1
3849,0
3851,1
3852,1
3853,1
3861,1
3862,1
3863,1
3864,1
3871,1
3881,1
3882,1
3886,1
3888,1
3891,1
3892,1
3893,1
3894,1
3895,1
3896,1
3897,1
3898,1
3899,1
3901,1
3902,1
3903,1
3904,1
3905,1
3906,1
3907,1
3911,1
3912,1
3921,1
3922,1
3925,1
3927,1
3931,1
3941,1
3945,1
3947,1
3951,1
3953,1
3956,1
3958,1
3959,1
3961,1
3962,1
3971,1
3972,1
3981,1
3984,1
3985,1
3989,1
3991,1
3992,1
3993,1
3994,1
3995,1
3997,1
3998,1
3999,0
4001,1
4002,1
4003,1
4004,1
4005,1
4006,1
4007,1
4011,1
4012,1
4013,1
4014,1
4016,1
4017,1
4021,1
4023,1
4024,0
4031,1
4032,1
4033,1
4041,1
4043,1
4051,1
4053,1
4054,1
4061,1
4062,1
4063,1
4064,0
4101,1
4102,1
4103,1
4104,1
4105,1
4106,0
4107,1
4111,1
4112,1
4115,1
4116,1
4117,1
4119,1
4121,1
4122,1
4124,0
4125,1
4126,1
4128,1
4131,1
4132,1
4133,1
4141,1
4142,1
4143,1
4145,1
4147,1
4151,1
4152,1
4153,1
4155,1
4156,1
4157,1
4158,1
4161,1
4163,1
4171,0
4174,1
4175,0
4176,1
4181,1
4182,1
4184,1
4185,1
4191,1
4194,1
4196,1
4197,1
4201,1
4202,1
4203,1
4204,1
4205,1
4206,1
4207,1
4208,1
4209,1
4211,1
4212,1
4213,1
4214,0
4221,1
4223,1
4225,1
4231,1
4233,0
4235,1
4241,0
4243,1
4245,1
4247,1
4251,1
4254,1
4255,0
4261,1
4264,1
4265,1
4266,1
4267,1
4268,1
4269,1
4271,1
4273,1
4281,1
4283,1
4284,0
4285,0
4286,1
4287,1
4288,1
4301,0
4302,0
4303,1
4305,0
4306,0
4307,0
4308,0
4311,0
4315,0
4316,0
4317,0
4318,0
4321,0
4322,0
4323,0
4325,0
4326,0
4327,0
4328,0
4331,1
4332,1
4333,1
4334,1
4335,1
4336,1
4337,1
4338,1
4339,1
4341,1
4351,0
4352,0
4353,1
4354,1
4356,1
4357,1
4361,0
4363,1
4364,0
4365,1
4371,1
4373,0
4374,0
4381,1
4382,1
4383,1
4384,1
4385,1
4386,1
4387,1
4388,1
4389,0
4401,0
4411,1
4413,1
4414,1
4415,1
4416,0
4417,0
4421,1
4423,1
4424,0
4431,1
4433,0
4434,0
4435,0
4436,0
4437,0
4438,0
4441,0
4443,1
4444,1
4451,1
4453,1
4454,1
4455,1
4456,0
4458,0
4461,1
4462,1
4463,1
4464,1
4465,1
4471,0
4472,1
4474,0
4475,0
4481,1
4482,1
4484,0
4485,0
4486,0
4491,0
4493,0
4494,0
4501,0
4503,0
4504,0
4505,0
4506,0
4507,0
4508,0
4511,0
4513,0
4515,0
4521,0
4522,0
4524,0
4525,0
4527,0
4528,0
4529,0
4531,0
4532,0
4533,1
4535,0
4536,0
4537,0
4538,0
4539,0
4541,0
4542,0
4543,0
4551,0
4553,0
4554,0
4561,0
4562,0
4564,0
4565,0
4566,0
4567,0
4568,0
4569,0
4571,0
4574,0
4575,0
4576,0
4581,0
4583,0
4584,0
4585,0
4586,0
4587,0
4588,0
4589,0
4611,1
4612,1
4613,1
4614,1
4615,1
4616,1
4617,1
4621,1
4622,1
4623,1
4624,1
4625,1
4631,1
4634,0
4635,0
4641,1
4645,1
4651,1
4652,1
4655,0
4661,1
4664,0
4671,1
4675,1
4681,0
4691,1
4693,0
4694,1
4695,0
4696,0
4697,0
4698,0
4701,1
4702,1
4703,1
4704,0
4705,0
4706,1
4707,1
4708,1
4709,0
4711,1
4714,1
4715,1
4721,0
4722,1
4724,1
4725,0
4726,0
4727,1
4731,1
4735,0
4741,1
4744,1
4751,1
4754,0
4756,0
4758,0
4759,1
4761,1
4762,1
4765,0
4766,1
4771,1
4772,0
4781,0
4782,0
4791,1
4793,1
4794,0
4796,1
4797,0
4811,1
4812,1
4813,1
4814,1
4815,1
4816,1
4817,1
4818,1
4819,1
4822,1
4823,1
4824,1
4825,0
4826,1
4827,1
4834,1
4835,1
4836,0
4837,1
4838,1
4839,1
4841,1
4844,1
4845,1
4847,1
4849,1
4851,1
4854,1
4855,1
4856,1
4858,1
4859,0
4861,0
4871,1
4872,1
4873,1
4874,1
4875,1
4876,1
4877,0
4878,1
4879,1
4881,1
4882,1
4884,1
4885,0
4891,1
4901,1
4902,1
4903,0
4904,1
4905,1
4906,1
4907,1
4908,1
4909,1
4911,1
4921,1
4924,0
4926,0
4927,0
4931,1
4941,1
4942,1
4944,1
5011,1
5012,1
5013,1
5014,1
5015,0
5017,1
5018,1
5021,1
5022,1
5025,1
5026,0
5032,1
5035,1
5036,1
5037,1
5038,1
5041,1
5042,1
5043,1
5044,1
5045,1
5046,1
5047,0
5048,1
5049,1
5051,1
5052,1
5053,1
5056,1
5057,1
5059,1
5061,1
5062,1
5063,1
5066,1
5071,1
5074,1
5076,1
5081,1
5084,1
5085,1
5087,0
5089,1
5091,0
5094,0
5095,0
5096,0
5101,1
5102,1
5103,1
5104,1
5105,1
5106,1
5107,0
5109,0
5111,1
5113,0
5114,0
5121,1
5122,1
5124,0
5125,1
5126,1
5131,0
5133,1
5141,1
5142,1
5143,1
5144,1
5145,0
5146,1
5151,1
5152,1
5154,1
5156,1
5157,0
5158,0
5161,1
5165,0
5171,1
5172,0
5175,1
5176,0
5211,1
5212,1
5213,1
5215,1
5216,1
5221,0
5222,1
5223,1
5224,1
5231,1
5232,1
5233,1
5234,1
5235,1
5236,1
5237,1
5241,1
5242,1
5243,0
5244,1
5245,1
5246,1
5247,1
5248,0
5249,0
5251,1
5252,0
5253,0
5254,0
5255,0
5256,1
5257,0
5258,1
5261,1
5262,1
5263,1
5264,0
5266,0
5268,0
5271,1
5272,1
5275,1
5281,1
5282,1
5283,1
5291,1
5292,0
5293,1
5294,0
5296,0
5298,0
5301,1
5302,1
5305,1
5306,1
5307,1
5308,1
5311,1
5313,1
5314,1
5315,1
5316,1
5317,1
5318,0
5321,0
5324,0
5325,1
5327,1
5328,0
5331,1
5333,0
5334,0
5335,0
5341,1
5342,1
5343,1
5344,1
5345,1
5346,1
5347,1
5348,1
5349,1
5351,1
5352,0
5353,0
5354,0
5355,0
5356,0
5357,0
5358,0
5359,1
5361,1
5363,0
5364,0
5366,0
5367,0
5368,1
5371,0
5373,0
5374,0
5375,0
5381,0
5382,0
5383,1
5384,1
5386,0
5388,1
5391,0
5392,1
5394,0
5395,0
5396,0
5397,0
5398,0
5401,1
5402,1
5403,1
5404,0
5405,1
5406,1
5408,0
5409,0
5411,1
5421,1
5422,1
5423,0
5424,0
5425,1
5427,1
5428,1
5431,1
5432,1
5433,0
5434,0
5435,0
5437,0
5438,0
5439,0
5441,0
5443,0
5445,0
5446,0
5447,0
5449,0
5451,0
5453,0
5454,1
5455,0
5461,1
5462,1
5463,1
5464,1
5465,0
5466,0
5467,1
5469,0
5471,0
5472,0
5473,1
5476,0
5481,1
5482,1
5491,1
5492,0
5501,1
5502,1
5503,1
5504,1
5505,1
5506,0
5507,0
5508,1
5509,1
5511,0
5512,0
5513,0
5521,0
5524,0
5525,0
5527,0
5527,0
5529,0
5531,1
5534,0
5541,1
5551,1
5552,1
5553,0
5554,1
5555,0
5556,0
5560,0
5563,0
5571,1
5574,0
5581,0
5582,0
5583,0
5591,0
5595,0
5611,1
5612,1
5613,1
5614,1
5615,1
5616,1
5617,1
5621,1
5621,1
5623,1
5624,1
5625,1
5626,0
5627,1
5628,1
5629,0
5631,1
5632,1
5633,0
5641,1
5642,1
5643,1
5644,1
5645,1
5646,0
5647,0
5651,1
5652,1
5653,1
5654,1
5655,1
5656,1
5657,0
5658,1
5661,0
5662,0
5663,0
5664,1
5665,1
5666,1
5667,1
5671,1
5672,0
5673,0
5674,1
5681,0
5682,1
5682,1
5684,1
5685,1
5688,0
5689,0
5691,0
5692,0
5694,0
5701,1
5702,1
5703,1
5704,1
5705,1
5706,1
5707,1
5708,1
5709,1
5711,1
5712,0
5715,0
5721,1
5724,0
5725,0
5731,1
5735,1
5737,0
5738,0
5741,1
5751,1
5752,0
5753,0
5754,0
5756,0
5757,0
5758,0
5759,0
5761,0
5762,0
5764,0
5766,0
5768,0
5801,1
5802,1
5803,1
5804,1
5807,0
5808,0
5809,0
5811,0
5812,0
5813,0
5814,0
5815,0
5816,1
5817,0
5821,0
5823,0
5823,1
5825,0
5826,0
5827,0
5831,1
5835,0
5836,0
5841,0
5843,0
5844,0
5845,0
5846,0
5851,0
5853,0
5854,0
5855,0
5856,0
5861,0
5862,0
5863,0
5864,0
5865,0
5866,0
5870,0
5872,0
5911,1
5912,1
5913,0
5914,1
5915,1
5916,0
5921,1
5922,1
5923,1
5924,1
5925,1
5926,0
5927,0
5928,0
5931,1
5931,1
5935,1
5941,0
5943,0
5944,0
5951,0
5953,1
5954,0
5961,1
5962,0
5963,0
5964,0
5966,0
5971,0
5973,0
5975,0
5976,0
5977,1
5981,1
5984,0
5985,0
5986,0
5987,0
5988,0
5991,0
5993,0
5995,0
6001,1
6002,0
6003,0
6004,1
6005,0
6006,1
6011,0
6011,0
6013,0
6014,0
6015,0
6017,0
6019,0
6021,1
6023,0
6024,0
6025,0
6027,0
6028,0
6029,0
6031,0
6034,0
6035,0
6037,0
6039,0
6041,1
6042,1
6043,1
6044,1
6045,1
6049,1
6051,0
6061,0
6063,0
6065,0
6067,0
6071,1
6074,0
6075,0
6077,0
6081,0
6082,0
6083,0
6085,0
6086,0
6088,0
6089,0
6091,0
6092,0
6093,0
6095,0
6096,0
6097,0
6099,0
6101,1
6102,0
6104,0
6105,0
6107,0
6109,0
6111,0
6112,0
6114,0
6116,0
6118,0
6121,0
6122,0
6123,0
6124,0
6125,0
6127,0
6129,0
6131,0
6132,0
6133,0
6133,1
6135,1
6136,1
6137,1
6141,0
6142,0
6143,0
6151,0
6153,0
6155,0
6161,1
6162,1
6163,1
6164,1
6165,1
6166,0
6166,0
6171,1
6174,0
6176,0
6180,0
6191,0
6199,0
6211,1
6212,0
6213,0
6213,1
6215,0
6216,1
6217,1
6218,0
6219,1
6221,1
6222,1
6223,0
6224,1
6225,0
6226,1
6227,1
6227,1
6229,1
6231,0
6235,0
6237,0
6241,0
6243,0
6245,0
6247,0
6251,0
6252,0
6255,0
6261,0
6262,0
6265,0
6267,0
6268,0
6269,0
6271,0
6273,0
6274,0
6276,0
6277,0
6278,0
6281,0
6285,0
6286,0
6287,0
6288,0
6291,1
6294,0
6295,1
6301,0
6305,0
6307,0
6311,0
6312,0
6321,0
6325,0
6333,0
6335,0
6341,0
6342,0
6343,0
6351,0
6353,0
6361,0
6363,0
6365,0
6367,0
6368,0
6371,0
6372,0
6373,0
6374,0
6411,1
6412,1
6413,1
6414,1
6415,1
6415,1
6417,0
6418,0
6419,0
6421,0
6422,0
6431,1
6432,0
6433,0
6436,0
6438,0
6439,0
6441,1
6442,0
6443,1
6444,0
6445,0
6446,0
6447,0
6451,0
6454,0
6456,0
6461,0
6462,1
6463,1
6464,0
6465,1
6466,0
6467,0
6468,0
6469,0
6471,1
6511,1
6512,1
6515,0
6521,1
6522,0
6523,0
6523,0
6525,0
6531,1
6532,0
6533,0
6534,1
6535,1
6536,0
6537,0
6537,1
6541,0
6542,1
6543,0
6544,1
6545,1
6546,1
6551,0
6561,0
6562,0
6564,0
6566,0
6570,0
6572,0
6573,0
6574,0
6575,0
6576,0
6577,0
6578,0
6579,0
6581,1
6582,0
6584,0
6584,0
6586,0
6587,0
6591,0
6595,0
6596,0
6598,0
6599,0
6601,1
6602,0
6603,0
6604,0
6605,0
6606,0
6611,0
6612,0
6613,0
6615,0
6616,0
6617,0
6621,0
6624,0
6626,0
6627,0
6628,0
6629,0
6631,0
6634,0
6641,1
6642,0
6644,0
6645,0
6651,1
6652,0
6653,0
6654,0
6655,0
6657,0
6658,0
6659,0
6661,1
6662,0
6663,0
6665,0
6666,0
6668,0
6669,0
6671,0
6672,0
6673,0
6674,0
6675,0
6676,0
6677,0
6678,0
6681,0
6684,0
6685,0
6686,0
6687,0
6691,1
6701,1
6702,0
6703,1
6704,0
6705,0
6706,1
6707,0
6708,0
6709,1
6711,0
6712,0
6713,1
6714,1
6715,0
6716,0
6717,1
6718,0
6721,1
6731,0
6732,0
6733,0
6741,1
6744,0
6745,0
6811,1
6812,0
6813,0
6814,0
6815,0
6816,0
6821,0
6822,0
6823,0
6824,0
6825,0
6826,1
6827,0
6828,1
6831,1
6832,1
6833,1
6833,1
6835,0
6836,0
6841,1
6842,0
6843,1
6844,1
6845,1
6846,0
6851,0
6852,0
6861,0
6862,0
6865,0
6866,0
6869,0
6871,0
6874,0
6877,0
6880,0
6882,0
6883,0
6891,0
6901,0
6902,0
6903,0
6904,0
6905,0
6909,0
6911,0
6913,0
6914,0
6915,0
6916,0
6917,0
6921,0
6922,0
6923,0
6924,0
6931,0
6932,0
6941,0
6941,0
6951,0
6952,0
6953,0
6955,0
6956,0
6957,0
6961,0
6964,0
6971,0
6974,0
6974,0
6981,0
6982,1
6983,0
6984,0
6986,0
6987,0
6988,0
6991,0
6994,0
6996,0
6997,0
6998,0
6999,0
7001,0
7002,0
7003,0
7004,0
7005,0
7006,0
7007,0
7008,0
7009,0
7011,0
7021,0
7025,0
7031,0
7035,0
7035,0
7037,0
7038,0
7039,0
7041,0
7044,0
7045,0
7046,0
7047,0
7048,0
7051,0
7054,0
7055,0
7061,0
7064,0
7065,0
7071,0
7075,0
7076,0
7077,0
7078,0
7081,0
7082,0
7084,0
7091,0
7095,0
7101,0
7102,0
7103,0
7104,0
7105,0
7106,0
7107,0
7108,0
7109,0
7113,0
7115,0
7119,0
7121,0
7122,0
7123,0
7126,0
7131,0
7132,0
7134,0
7135,0
7136,0
7137,0
7141,0
7142,0
7151,0
7152,0
7156,0
7157,0
7161,0
7165,0
7201,0
7202,1
7203,0
7204,1
7205,0
7206,0
7207,0
7211,0
7213,0
7214,0
7215,0
7216,0
7217,0
7218,0
7221,0
7223,0
7223,0
7225,0
7226,0
7227,0
7231,0
7232,0
7233,0
7234,0
7241,0
7242,0
7244,0
7245,0
7251,0
7255,0
7256,0
7261,0
7263,0
7270,0
7273,0
7274,0
7275,0
7311,0
7312,0
7313,0
7314,0
7315,0
7316,0
7317,0
7321,0
7322,0
7323,0
7324,0
7325,0
7326,0
7327,0
7328,0
7329,0
7331,0
7331,1
7333,1
7334,0
7335,0
7336,0
7339,0
7341,0
7345,0
7345,0
7348,0
7351,0
7352,0
7361,0
7364,0
7371,0
7381,0
7382,0
7383,0
7384,0
7391,0
7392,0
7395,0
7396,0
7397,0
7399,0
7411,0
7412,0
7413,1
7414,0
7415,1
7416,0
7417,1
7418,0
7419,0
7421,0
7422,0
7423,0
7424,0
7425,0
7425,0
7427,0
7428,0
7429,0
7431,0
7433,0
7434,0
7435,0
7437,0
7439,0
7441,0
7442,0
7443,0
7447,0
7448,0
7451,0
7461,0
7462,0
7463,0
7466,0
7467,0
7468,0
7471,0
7472,0
7475,0
7478,0
7481,0
7482,0
7483,0
7491,0
7495,0
7496,0
7497,0
7511,1
7512,1
7513,0
7514,1
7521,1
7522,1
7523,0
7524,0
7525,0
7531,0
7532,0
7533,0
7533,0
7535,0
7536,0
7541,0
7542,0
7543,1
7544,1
7545,0
7546,0
7547,0
7547,0
7551,0
7552,0
7553,0
7554,0
7555,0
7556,0
7557,0
7558,0
7559,0
7561,0
7562,0
7571,0
7572,0
7573,0
7574,0
7575,0
7576,0
7577,0
7580,0
7582,0
7585,0
7586,0
7587,0
7588,0
7591,0
7594,0
7596,0
7597,0
7601,0
7602,0
7603,0
7604,1
7605,1
7606,1
7607,0
7608,0
7609,0
7610,0
7611,0
7614,0
7615,0
7621,0
7622,0
7623,0
7625,0
7626,0
7627,0
7631,0
7634,0
7635,0
7636,0
7637,0
7638,0
7641,0
7641,0
7645,0
7651,0
7661,0
7662,0
7663,0
7664,0
7665,0
7666,0
7667,0
7668,0
7671,0
7672,0
7674,0
7676,0
7678,0
7679,0
7681,0
7683,0
7685,0
7686,0
7687,0
7688,0
7691,0
7692,0
7693,0
7694,0
7695,0
7696,0
7701,0
7702,0
7705,0
7707,0
7711,0
7715,0
7721,0
7721,0
7731,0
7732,0
7734,0
7735,0
7735,0
7737,0
7738,0
7739,0
7741,0
7742,0
7751,0
7753,0
7754,0
7755,0
7756,0
7761,0
7764,0
7765,0
7766,0
7771,0
7772,0
7773,0
7775,0
7776,0
7777,0
7778,0
7779,0
7781,0
7782,0
7782,0
7784,0
7785,0
7786,0
7787,0
7788,0
7791,0
7792,0
7793,0
7794,0
7795,0
7796,0
7796,0
7798,0
7811,0
7812,0
7813,0
7814,0
7815,0
7821,0
7822,0
7823,0
7824,1
7825,0
7826,0
7827,0
7828,0
7831,0
7833,0
7841,0
7842,0
7843,0
7843,0
7845,0
7846,0
7847,0
7848,0
7849,0
7851,0
7852,0
7853,0
7854,0
7855,0
7856,0
7858,0
7859,0
7861,0
7863,0
7864,0
7871,0
7872,0
7873,0
7874,0
7875,0
7876,0
7876,0
7881,0
7884,0
7885,0
7887,0
7889,0
7890,0
7892,0
7894,0
7895,0
7901,0
7902,0
7903,0
7904,0
7905,0
7906,0
7907,0
7908,0
7909,0
7910,0
7911,0
7912,0
7913,0
7914,0
7915,0
7916,0
7917,0
7918,0
7921,0
7923,0
7925,0
7926,0
7927,0
7928,0
7929,0
7931,0
7932,0
7933,0
7934,0
7935,0
7936,0
7937,0
7937,0
7941,0
7942,0
7943,0
7944,0
7946,0
7948,0
7949,0
7951,0
7954,0
7955,0
7957,0
7958,0
7961,0
7963,0
7964,0
7965,0
7966,0
7971,0
7973,0
7974,0
7975,0
7981,0
7983,0
7984,0
7984,0
7986,0
7991,0
8011,1
8012,0
8013,0
8014,0
8015,0
8016,0
8017,0
8019,0
8021,1
8022,1
8023,0
8024,0
8025,0
8026,0
8028,0
8031,1
8031,0
8033,0
8034,0
8035,0
8041,0
8042,0
8043,0
8044,0
8045,0
8051,0
8052,0
8055,0
8061,0
8064,0
8066,0
8071,0
8072,0
8075,0
8076,0
8077,0
8078,0
8081,0
8082,0
8084,0
8085,0
8091,0
8094,0
8095,0
8096,0
8097,0
8101,0
8102,0
8103,0
8105,0
8106,0
8107,0
8111,0
8112,0
8121,0
8124,0
8131,0
8141,0
8144,0
8146,0
8147,0
8148,0
8151,0
8152,0
8153,0
8153,0
8161,0
8162,0
8166,0
8167,0
8171,0
8172,0
8181,0
8191,0
8193,0
8194,0
8196,0
8198,0
8211,0
8212,0
8218,0
8219,0
8221,0
8222,0
8223,0
8224,0
8225,0
8226,0
8231,1
8232,0
8233,0
8239,0
8241,0
8242,0
8243,0
8244,0
8245,0
8251,0
8252,0
8253,0
8254,0
8255,0
8256,0
8261,0
8262,0
8263,0
8264,0
8265,0
8266,0
8267,0
8271,0
8274,0
8275,0
8276,0
8277,0
8278,0
8281,0
8291,0
8293,0
8294,0
8301,0
8302,0
8303,0
8304,0
8305,0
8307,0
8308,0
8309,0
8311,0
8312,0
8313,0
8314,0
8315,0
8316,0
8317,0
8319,0
8321,0
8322,0
8325,0
8326,0
8331,0
8332,0
8333,0
8334,0
8335,0
8336,0
8337,0
8338,0
8339,0
8341,0
8342,0
8343,0
8344,0
8345,0
8346,0
8347,0
8351,0
8355,0
8356,0
8361,0
8362,0
8363,0
8371,0
8372,0
8373,0
8374,0
8375,0
8376,0
8377,0
8378,0
8381,0
8382,0
8383,0
8384,0
8385,0
8386,0
8387,0
8388,0
8389,0
8391,0
8392,0
8393,0
8394,0
8395,0
8396,0
8397,0
8398,0
8401,0
8403,0
8404,0
8405,0
8406,0
8407,0
8408,0
8409,0
8411,0
8412,0
8413,0
8414,0
8415,0
8421,0
8422,0
8423,0
8424,0
8425,0
8426,0
8427,0
8428,0
8431,0
8432,0
8433,0
8434,0
8435,0
8437,0
8438,0
8439,0
8441,0
8442,0
8443,0
8444,0
8445,0
8446,0
8447,0
8448,0
8449,0
8451,0
8452,0
8453,0
8454,0
8455,0
8456,0
8457,0
8458,0
8459,0
8461,0
8462,0
8463,0
8464,0
8465,0
8466,0
8467,0
8468,0
8469,0
8471,0
8472,0
8474,0
8475,0
8476,0
8477,0
8478,0
8479,0
8481,0
8482,0
8483,0
8484,0
8485,0
8486,0
8487,0
8488,0
8489,0
8491,0
8493,0
8494,0
8495,0
8497,0
8501,0
8502,0
8503,0
8505,0
8506,0
8507,0
8508,0
8511,0
8512,0
8513,0
8514,0
8515,0
8516,0
8517,0
8521,0
8522,0
8523,0
8524,0
8525,0
8526,0
8527,0
8528,0
8529,0
8531,0
8532,0
8534,0
8535,0
8536,0
8537,0
8538,0
8539,0
8541,0
8542,0
8551,0
8552,0
8553,0
8554,0
8556,0
8561,0
8563,0
8564,0
8565,0
8566,0
8567,0
8571,0
8572,0
8573,0
8574,0
8581,0
8582,0
8583,0
8584,0
8601,0
8602,0
8603,0
8604,0
8605,0
8606,0
8607,0
8608,0
8611,0
8612,0
8613,0
8614,0
8615,0
8616,0
8617,0
8618,0
8621,0
8622,0
8623,0
8624,0
8625,0
8626,0
8627,0
8628,0
8629,0
8631,0
8632,0
8633,0
8635,0
8636,0
8637,0
8641,0
8642,0
8644,0
8647,0
8651,0
8658,0
8701,0
8702,0
8711,0
8713,0
8715,0
8721,0
8722,0
8723,0
8724,0
8731,0
8732,0
8733,0
8734,0
8735,0
8736,0
8737,0
8741,0
8742,0
8743,0
8744,0
8745,0
8746,0
8747,0
8748,0
8749,0
8751,0
8752,0
8753,0
8754,0
8755,0
8756,0
8757,0
8758,0
8759,0
8761,0
8762,0
8763,0
8764,0
8765,0
8766,0
8771,0
8772,0
8773,0
8774,0
8775,0
8801,0
8802,0
8804,0
8805,0
8806,0
8807,0
8808,0
8809,0
8811,0
8812,0
8813,0
8814,0
8816,0
8821,0
8822,0
8823,0
8831,0
8832,0
8833,0
8834,0
8835,0
8841,0
8842,0
8843,0
8844,0
8845,0
8851,0
8852,0
8853,0
8854,0
8855,0
8856,0
8857,0
8861,0
8862,0
8871,0
8872,0
8881,0
8882,0
8883,0
8884,0
8885,0
8891,0
8892,0
8893,0
8894,0
8895,0
8896,0
8897,0
8899,0
8911,0
8912,0
8913,0
8914,0
8915,0
8916,0
8917,0
8918,0
8919,0
8921,0
8922,0
8923,1
8924,0
8925,0
8926,0
8927,0
8931,0
8932,0
8933,0
8934,0
8935,0
8936,1
8937,1
8938,0
8939,0
8941,0
9001,0
9003,0
9004,0
9005,0
9006,0
9007,0
9008,0
9009,0
9011,0
9012,0
9013,0
9014,0
9021,0
9022,0
9023,0
9024,0
9025,0
9026,0
9027,0
9031,0
9032,0
9033,0
9034,0
9035,0
9036,0
9037,0
9038,0
9041,0
9043,0
9044,0
9045,0
9047,0
9051,0
9053,0
9054,0
9055,0
9056,0
9057,0
9061,0
9062,0
9063,0
9064,0
9067,0
9071,0
9072,0
9073,0
9074,0
9075,0
9076,0
9077,0
9078,0
9079,0
9081,0
9082,0
9083,0
9084,0
9085,0
9086,0
9087,0
9088,0
9089,0
9091,0
9101,0
9102,0
9103,0
9104,0
9105,0
9106,0
9107,0
9108,0
9109,0
9111,0
9112,0
9113,0
9114,0
9121,0
9122,0
9123,0
9124,0
9125,0
9131,0
9132,0
9133,0
9134,0
9135,0
9136,0
9137,0
9138,0
9141,0
9142,0
9143,0
9144,0
9145,0
9146,0
9147,0
9148,0
9151,0
9152,0
9153,0
9154,0
9155,0
9156,0
9161,0
9162,0
9163,0
9164,0
9166,0
9171,0
9172,0
9173,0
9174,0
9175,0
9176,0
9177,0
9178,0
9201,0
9202,0
9203,0
9204,0
9205,0
9206,0
9207,0
9211,0
9212,0
9213,0
9214,0
9215,0
9216,0
9217,0
9218,0
9219,0
9221,0
9222,0
9223,0
9231,0
9233,0
9241,0
9243,0
9244,0
9245,0
9246,0
9247,0
9248,0
9249,0
9251,0
9254,0
9255,0
9256,0
9257,0
9258,0
9261,0
9262,0
9263,0
9264,0
9265,0
9269,0
9271,0
9281,0
9283,0
9284,0
9285,0
9286,0
9287,0
9288,0
9289,0
9291,0
9292,0
9293,0
9294,0
9295,0
9296,0
9297,0
9298,0
9299,0
9301,0
9302,0
9304,0
9305,0
9306,0
9307,0
9311,0
9312,0
9313,0
9314,0
9315,0
9321,0
9331,0
9333,0
9334,0
9335,0
9336,0
9337,0
9341,0
9342,0
9343,0
9351,0
9354,0
9355,0
9356,0
9359,0
9361,0
9362,0
9363,0
9364,0
9365,0
9366,0
9367,0
9401,0
9402,0
9403,0
9404,0
9405,0
9406,0
9407,0
9408,0
9409,0
9411,0
9412,0
9413,0
9414,0
9415,0
9416,0
9417,0
9418,0
9419,0
9421,0
9422,0
9423,0
9431,0
9432,0
9433,0
9434,0
9435,0
9436,0
9437,0
9438,0
9439,0
9441,0
9442,0
9443,0
9444,0
9445,0
9446,0
9447,0
9448,0
9449,0
9451,0
9452,0
9453,0
9454,0
9455,0
9456,0
9457,0
9458,0
9459,0
9461,0
9462,0
9463,0
9464,0
9465,0
9466,0
9467,0
9468,0
9469,0
9471,0
9472,0
9473,0
9474,0
9475,0
9479,0
9481,0
9482,0
9483,0
9484,0
9485,0
9486,0
9487,0
9488,0
9489,0
9491,0
9492,0
9493,0
9494,0
9495,0
9496,0
9497,0
9501,0
9502,0
9503,0
9511,0
9512,0
9514,0
9515,0
9521,0
9523,0
9524,0
9525,0
9526,0
9527,0
9528,0
9531,0
9533,0
9534,0
9535,0
9536,0
9537,0
9541,0
9545,0
9551,0
9561,0
9563,0
9564,0
9566,0
9571,0
9573,0
9574,0
9581,0
9584,0
9585,0
9591,0
9601,0
9602,0
9603,0
9605,0
9606,0
9607,0
9608,0
9609,0
9611,0
9613,0
9614,0
9615,0
9616,0
9617,0
9618,0
9619,0
9621,0
9622,0
9623,0
9624,0
9625,0
9626,0
9627,0
9628,0
9629,0
9631,0
9632,0
9633,0
9635,0
9636,0
9641,0
9642,0
9644,0
9645,0
9646,0
9648,0
9649,0
9651,0
9654,0
9655,0
9656,0
9657,0
9658,0
9659,0
9661,0
9663,0
9665,0
9671,0
9672,0
9673,0
9674,0
9675,0
9677,0
9678,0
9679,0
9681,0
9682,0
9684,0
9685,0
9686,0
9687,0
9688,0
9691,0
9693,0
9695,0
9696,0
9697,0
9698,0
9699,0
9711,0
9712,0
9713,0
9714,0
9715,0
9716,0
9717,0
9718,1
9721,0
9722,0
9723,0
9724,0
9725,0
9726,1
9727,0
9728,0
9731,0
9732,0
9733,0
9734,0
9735,0
9736,0
9737,0
9738,0
9741,0
9742,0
9743,1
9744,0
9745,0
9746,0
9747,0
9749,0
9751,0
9752,0
9753,0
9755,0
9756,0
9761,0
9765,0
9766,0
9771,0
9773,0
9774,0
9781,0
9784,0
9785,0
9791,0
9792,0
9793,0
9794,0
9795,0
9796,0
9797,0
9798,0
9801,0
9804,0
9805,0
9811,0
9812,0
9821,0
9822,0
9824,0
9825,0
9827,0
9828,0
9831,0
9832,0
9833,0
9841,0
9842,0
9843,0
9844,0
9845,0
9851,0
9852,0
9853,0
9861,0
9862,0
9863,0
9864,0
9865,0
9866,0
9871,0
9872,0
9873,0
9881,0
9882,0
9883,0
9884,0
9885,0
9886,0
9891,0
9892,0
9893,0
9901,0
9902,0
9903,0
9904,0
9905,0
9906,0
9907,0
9908,0
9909,0
9911,0
9912,0
9913,0
9914,0
9915,0
9917,0
9918,0
9919,0
9921,0
9922,0
9923,0
9924,0
9925,0
9931,0
9932,0
9933,0
9934,0
9936,0
9937,0
9939,0
9942,0
9943,0
9944,0
9945,0
9946,0
9947,0
9948,0
9949,0
9951,0
9953,0
9954,0
9955,0
9956,0
9957,0
9959,0
9961,0
9962,0
9963,0
9964,0
9965,0
9966,0
9967,0
9968,0
9969,0
9971,0
9972,0
9973,0
9974,0
9975,0
9976,0
9977,0
9978,0
9979,0
9981,0
9982,0
9983,0
9983,0
9985,0
9986,0
9987,0
9988,0
9989,0
9991,0
9992,0
9993,0
9994,0
9995,0
9996,0
9997,0
9998,0
9999,0
